Date,J-Date,Open,High,Low,Close,Final,Volume,Value,No,Ticker,Name,Market
2022-06-01,1401-03-11,10930.0,11210.0,10520.0,11200.0,10970.0,7823687.0,85832800320.0,693.0,وتوکا,سرمایه گذاری توکافولاد(هلدینگ,بورس
2022-06-06,1401-03-16,11250.0,11250.0,10520.0,10900.0,10700.0,4734038.0,50653952900.0,524.0,وتوکا,سرمایه گذاری توکافولاد(هلدینگ,بورس
2022-06-07,1401-03-17,10600.0,11080.0,10600.0,10900.0,10940.0,8510076.0,93127430050.0,658.0,وتوکا,سرمایه گذاری توکافولاد(هلدینگ,بورس
2022-06-08,1401-03-18,11000.0,11100.0,10720.0,11000.0,10960.0,15173859.0,166287645240.0,505.0,وتوکا,سرمایه گذاری توکافولاد(هلدینگ,بورس
2022-06-11,1401-03-21,10600.0,11070.0,10600.0,11000.0,10980.0,9034108.0,99220782860.0,627.0,وتوکا,سرمایه گذاری توکافولاد(هلدینگ,بورس
2022-06-12,1401-03-22,10870.0,11010.0,10780.0,11000.0,10960.0,5484681.0,60119104950.0,468.0,وتوکا,سرمایه گذاری توکافولاد(هلدینگ,بورس
2022-06-13,1401-03-23,11090.0,11160.0,10920.0,11010.0,11010.0,4409368.0,48560918160.0,468.0,وتوکا,سرمایه گذاری توکافولاد(هلدینگ,بورس
2022-06-14,1401-03-24,11010.0,11670.0,10900.0,11670.0,11270.0,8474876.0,95521529380.0,745.0,وتوکا,سرمایه گذاری توکافولاد(هلدینگ,بورس
2022-06-15,1401-03-24,11010.0,11670.0,10900.0,11670.0,11270.0,8474876.0,95521529380.0,745.0,وتوکا,سرمایه گذاری توکافولاد(هلدینگ,بورس
2022-06-18,1401-03-24,11010.0,11670.0,10900.0,11670.0,11270.0,8474876.0,95521529380.0,745.0,وتوکا,سرمایه گذاری توکافولاد(هلدینگ,بورس
2022-06-19,1401-03-24,11010.0,11670.0,10900.0,11670.0,11270.0,8474876.0,95521529380.0,745.0,وتوکا,سرمایه گذاری توکافولاد(هلدینگ,بورس
2022-06-20,1401-03-30,11000.0,11200.0,11000.0,11200.0,11030.0,2312972.0,25508283460.0,150.0,وتوکا,سرمایه گذاری توکافولاد(هلدینگ,بورس
2022-06-21,1401-03-31,10800.0,11200.0,10800.0,11100.0,11020.0,5297681.0,58355351560.0,459.0,وتوکا,سرمایه گذاری توکافولاد(هلدینگ,بورس
2022-06-22,1401-04-01,11110.0,11180.0,10850.0,11100.0,11020.0,4251686.0,46858576950.0,392.0,وتوکا,سرمایه گذاری توکافولاد(هلدینگ,بورس
2022-06-25,1401-04-04,10650.0,11160.0,10630.0,10950.0,11020.0,8196429.0,90320452030.0,535.0,وتوکا,سرمایه گذاری توکافولاد(هلدینگ,بورس
2022-06-26,1401-04-05,11040.0,11040.0,10800.0,11020.0,10960.0,7361485.0,80692608670.0,557.0,وتوکا,سرمایه گذاری توکافولاد(هلدینگ,بورس
2022-06-27,1401-04-06,10650.0,11240.0,10530.0,10950.0,11080.0,8567207.0,94893848350.0,470.0,وتوکا,سرمایه گذاری توکافولاد(هلدینگ,بورس
2022-06-28,1401-04-07,10950.0,11200.0,10600.0,11110.0,11060.0,4632352.0,51210846560.0,411.0,وتوکا,سرمایه گذاری توکافولاد(هلدینگ,بورس
2022-06-29,1401-04-08,10790.0,11720.0,10790.0,11720.0,11440.0,13065567.0,149490433070.0,732.0,وتوکا,سرمایه گذاری توکافولاد(هلدینگ,بورس
2022-07-02,1401-04-11,11710.0,11900.0,11050.0,11360.0,11390.0,2775153.0,31614333500.0,464.0,وتوکا,سرمایه گذاری توکافولاد(هلدینگ,بورس
2022-07-03,1401-04-12,11600.0,11900.0,11100.0,11250.0,11370.0,5241786.0,59572914550.0,514.0,وتوکا,سرمایه گذاری توکافولاد(هلدینگ,بورس
2022-07-04,1401-04-13,11210.0,11750.0,10910.0,11100.0,11080.0,3688516.0,40884643490.0,462.0,وتوکا,سرمایه گذاری توکافولاد(هلدینگ,بورس
2022-07-05,1401-04-14,11010.0,11020.0,10620.0,10630.0,10800.0,3769287.0,40708822060.0,379.0,وتوکا,سرمایه گذاری توکافولاد(هلدینگ,بورس
2022-07-06,1401-04-15,10830.0,10830.0,10160.0,10160.0,10180.0,16612257.0,169162669410.0,1370.0,وتوکا,سرمایه گذاری توکافولاد(هلدینگ,بورس
2022-07-09,1401-04-18,9700.0,10290.0,9590.0,10180.0,9930.0,4718813.0,46874213340.0,662.0,وتوکا,سرمایه گذاری توکافولاد(هلدینگ,بورس
2022-07-11,1401-04-20,10160.0,10200.0,9520.0,9880.0,9830.0,5965585.0,58652784940.0,603.0,وتوکا,سرمایه گذاری توکافولاد(هلدینگ,بورس
2022-07-12,1401-04-21,9850.0,10110.0,9500.0,10090.0,9930.0,8336092.0,82750771560.0,583.0,وتوکا,سرمایه گذاری توکافولاد(هلدینگ,بورس
2022-07-13,1401-04-22,10260.0,10520.0,10000.0,10520.0,10420.0,8681940.0,90447133420.0,667.0,وتوکا,سرمایه گذاری توکافولاد(هلدینگ,بورس
2022-07-16,1401-04-25,10750.0,10750.0,10000.0,10410.0,10350.0,2344934.0,24268666680.0,330.0,وتوکا,سرمایه گذاری توکافولاد(هلدینگ,بورس
2022-07-17,1401-04-26,10580.0,10580.0,10180.0,10300.0,10340.0,5524954.0,57143689690.0,379.0,وتوکا,سرمایه گذاری توکافولاد(هلدینگ,بورس
2022-07-19,1401-04-28,10200.0,10930.0,10200.0,10910.0,10680.0,5576051.0,59546818290.0,374.0,وتوکا,سرمایه گذاری توکافولاد(هلدینگ,بورس
2022-07-20,1401-04-29,10840.0,10840.0,10460.0,10780.0,10680.0,2926700.0,31244432840.0,389.0,وتوکا,سرمایه گذاری توکافولاد(هلدینگ,بورس
2022-07-23,1401-05-01,10310.0,10790.0,10310.0,10680.0,10670.0,5750773.0,61335641340.0,380.0,وتوکا,سرمایه گذاری توکافولاد(هلدینگ,بورس
2022-07-24,1401-05-02,10740.0,10740.0,10350.0,10550.0,10580.0,3019246.0,31935155930.0,286.0,وتوکا,سرمایه گذاری توکافولاد(هلدینگ,بورس
2022-07-25,1401-05-03,10230.0,10580.0,9950.0,10520.0,10360.0,8066380.0,83556025380.0,540.0,وتوکا,سرمایه گذاری توکافولاد(هلدینگ,بورس
2022-07-26,1401-05-04,10110.0,10380.0,10000.0,10060.0,10220.0,792196.0,7987892230.0,164.0,وتوکا,سرمایه گذاری توکافولاد(هلدینگ,بورس
2022-07-27,1401-05-05,10060.0,10290.0,9880.0,9980.0,10150.0,919549.0,9282215960.0,197.0,وتوکا,سرمایه گذاری توکافولاد(هلدینگ,بورس
2022-07-30,1401-05-08,9930.0,10100.0,9550.0,9560.0,9640.0,3174294.0,30593527170.0,329.0,وتوکا,سرمایه گذاری توکافولاد(هلدینگ,بورس
2022-07-31,1401-05-09,9730.0,9730.0,9070.0,9070.0,9120.0,1534036.0,13954460140.0,194.0,وتوکا,سرمایه گذاری توکافولاد(هلدینگ,بورس
2022-08-01,1401-05-10,8700.0,9180.0,8700.0,9040.0,9110.0,837710.0,7618686360.0,132.0,وتوکا,سرمایه گذاری توکافولاد(هلدینگ,بورس
2022-08-02,1401-05-11,9470.0,9470.0,8860.0,8930.0,9040.0,786677.0,7060634080.0,136.0,وتوکا,سرمایه گذاری توکافولاد(هلدینگ,بورس
2022-08-03,1401-05-12,9010.0,9200.0,9000.0,9100.0,9040.0,426338.0,3861810780.0,90.0,وتوکا,سرمایه گذاری توکافولاد(هلدینگ,بورس
2022-08-06,1401-05-15,9380.0,9380.0,9000.0,9160.0,9060.0,630289.0,5736739310.0,186.0,وتوکا,سرمایه گذاری توکافولاد(هلدینگ,بورس
2022-08-09,1401-05-18,9340.0,9340.0,8720.0,9000.0,8990.0,730866.0,6505385140.0,133.0,وتوکا,سرمایه گذاری توکافولاد(هلدینگ,بورس
2022-08-10,1401-05-19,9100.0,9100.0,8670.0,8720.0,8910.0,712780.0,6270896020.0,114.0,وتوکا,سرمایه گذاری توکافولاد(هلدینگ,بورس
2022-08-13,1401-05-22,8570.0,9100.0,8570.0,8800.0,8850.0,1646825.0,14565152080.0,295.0,وتوکا,سرمایه گذاری توکافولاد(هلدینگ,بورس
2022-08-14,1401-05-23,9000.0,9000.0,8500.0,8540.0,8770.0,646218.0,5587013930.0,180.0,وتوکا,سرمایه گذاری توکافولاد(هلدینگ,بورس
2022-08-15,1401-05-24,8460.0,8800.0,8460.0,8590.0,8650.0,1039350.0,8919367960.0,208.0,وتوکا,سرمایه گذاری توکافولاد(هلدینگ,بورس
2022-08-16,1401-05-25,8440.0,8640.0,8140.0,8300.0,8450.0,1155192.0,9657047250.0,400.0,وتوکا,سرمایه گذاری توکافولاد(هلدینگ,بورس
2022-08-17,1401-05-26,8100.0,8350.0,8100.0,8180.0,8320.0,888134.0,7278184470.0,188.0,وتوکا,سرمایه گذاری توکافولاد(هلدینگ,بورس
2022-08-20,1401-05-29,8170.0,8380.0,8040.0,8230.0,8270.0,487404.0,3969181990.0,127.0,وتوکا,سرمایه گذاری توکافولاد(هلدینگ,بورس
2022-08-21,1401-05-30,8330.0,8370.0,8100.0,8120.0,8230.0,791040.0,6461672190.0,246.0,وتوکا,سرمایه گذاری توکافولاد(هلدینگ,بورس
2022-08-22,1401-05-31,7960.0,8160.0,7900.0,7970.0,8100.0,960373.0,7671694320.0,217.0,وتوکا,سرمایه گذاری توکافولاد(هلدینگ,بورس
2022-08-23,1401-06-01,8110.0,8110.0,7800.0,7960.0,7990.0,1137775.0,9014309070.0,348.0,وتوکا,سرمایه گذاری توکافولاد(هلدینگ,بورس
2022-08-24,1401-06-02,7960.0,8460.0,7850.0,8460.0,8390.0,3908137.0,32800407120.0,756.0,وتوکا,سرمایه گذاری توکافولاد(هلدینگ,بورس
2022-08-27,1401-06-05,8560.0,8680.0,8100.0,8190.0,8350.0,1646609.0,13747679120.0,443.0,وتوکا,سرمایه گذاری توکافولاد(هلدینگ,بورس
2022-08-28,1401-06-06,8080.0,8850.0,8080.0,8850.0,8720.0,6663763.0,58085037600.0,1219.0,وتوکا,سرمایه گذاری توکافولاد(هلدینگ,بورس
2022-08-29,1401-06-07,8950.0,9100.0,8720.0,8770.0,8930.0,3356737.0,29969944440.0,710.0,وتوکا,سرمایه گذاری توکافولاد(هلدینگ,بورس
2022-08-30,1401-06-08,8710.0,8980.0,8640.0,8770.0,8850.0,1178685.0,10374376360.0,340.0,وتوکا,سرمایه گذاری توکافولاد(هلدینگ,بورس
2022-08-31,1401-06-09,8560.0,8920.0,8560.0,8710.0,8770.0,1125174.0,9817554500.0,300.0,وتوکا,سرمایه گذاری توکافولاد(هلدینگ,بورس
2022-09-03,1401-06-12,8860.0,8860.0,8470.0,8770.0,8700.0,1458572.0,12677623830.0,381.0,وتوکا,سرمایه گذاری توکافولاد(هلدینگ,بورس
2022-09-04,1401-06-13,8710.0,8880.0,8570.0,8610.0,8700.0,703620.0,6118123250.0,227.0,وتوکا,سرمایه گذاری توکافولاد(هلدینگ,بورس
2022-09-05,1401-06-14,8550.0,8800.0,8500.0,8510.0,8640.0,811873.0,6957905460.0,239.0,وتوکا,سرمایه گذاری توکافولاد(هلدینگ,بورس
2022-09-06,1401-06-15,8700.0,8740.0,8250.0,8350.0,8510.0,926164.0,7777030510.0,294.0,وتوکا,سرمایه گذاری توکافولاد(هلدینگ,بورس
2022-09-07,1401-06-16,8260.0,8490.0,8000.0,8140.0,8110.0,3316691.0,26897634360.0,577.0,وتوکا,سرمایه گذاری توکافولاد(هلدینگ,بورس
2022-09-10,1401-06-19,8010.0,8170.0,7700.0,7850.0,7950.0,1225246.0,9649479710.0,329.0,وتوکا,سرمایه گذاری توکافولاد(هلدینگ,بورس
2022-09-11,1401-06-20,7870.0,7990.0,7620.0,7780.0,7800.0,1678920.0,13075584420.0,357.0,وتوکا,سرمایه گذاری توکافولاد(هلدینگ,بورس
2022-09-12,1401-06-21,7640.0,7930.0,7640.0,7790.0,7760.0,1267468.0,9820036770.0,239.0,وتوکا,سرمایه گذاری توکافولاد(هلدینگ,بورس
2022-09-13,1401-06-22,7660.0,7800.0,7500.0,7720.0,7710.0,1357171.0,10436946530.0,307.0,وتوکا,سرمایه گذاری توکافولاد(هلدینگ,بورس
2022-09-14,1401-06-23,7570.0,7810.0,7560.0,7620.0,7680.0,1833734.0,14083748520.0,270.0,وتوکا,سرمایه گذاری توکافولاد(هلدینگ,بورس
2022-09-18,1401-06-27,7680.0,7750.0,7590.0,7680.0,7630.0,2798747.0,21346607330.0,366.0,وتوکا,سرمایه گذاری توکافولاد(هلدینگ,بورس
2022-09-19,1401-06-28,7600.0,7790.0,7520.0,7520.0,7620.0,1108866.0,8447983050.0,225.0,وتوکا,سرمایه گذاری توکافولاد(هلدینگ,بورس
2022-09-20,1401-06-29,7470.0,8090.0,7470.0,8010.0,7930.0,5553852.0,44014649530.0,1006.0,وتوکا,سرمایه گذاری توکافولاد(هلدینگ,بورس
2022-09-21,1401-06-30,8080.0,8200.0,7720.0,7810.0,7960.0,2158290.0,17184535300.0,492.0,وتوکا,سرمایه گذاری توکافولاد(هلدینگ,بورس
2022-09-24,1401-07-02,7610.0,7900.0,7410.0,7480.0,7520.0,1902606.0,14311786320.0,363.0,وتوکا,سرمایه گذاری توکافولاد(هلدینگ,بورس
2022-09-26,1401-07-04,7380.0,7630.0,7200.0,7390.0,7450.0,1750580.0,13030962290.0,388.0,وتوکا,سرمایه گذاری توکافولاد(هلدینگ,بورس
2022-09-28,1401-07-06,7190.0,7680.0,7190.0,7450.0,7510.0,5006746.0,37615206100.0,544.0,وتوکا,سرمایه گذاری توکافولاد(هلدینگ,بورس
2022-10-01,1401-07-09,7250.0,7430.0,6990.0,6990.0,7070.0,2486388.0,17589289060.0,434.0,وتوکا,سرمایه گذاری توکافولاد(هلدینگ,بورس
2022-10-02,1401-07-10,6810.0,7200.0,6800.0,6820.0,6970.0,1572245.0,10918331240.0,321.0,وتوکا,سرمایه گذاری توکافولاد(هلدینگ,بورس
2022-10-03,1401-07-11,6800.0,6990.0,6660.0,6710.0,6820.0,1895495.0,12914166730.0,336.0,وتوکا,سرمایه گذاری توکافولاد(هلدینگ,بورس
2022-10-04,1401-07-12,6630.0,6840.0,6550.0,6840.0,6730.0,2016096.0,13561742570.0,277.0,وتوکا,سرمایه گذاری توکافولاد(هلدینگ,بورس
2022-10-08,1401-07-16,6850.0,7000.0,6710.0,6800.0,6780.0,1013712.0,6925943810.0,207.0,وتوکا,سرمایه گذاری توکافولاد(هلدینگ,بورس
2022-10-09,1401-07-17,6800.0,6980.0,6430.0,6550.0,6680.0,1107109.0,7272208770.0,210.0,وتوکا,سرمایه گذاری توکافولاد(هلدینگ,بورس
2022-10-10,1401-07-18,6690.0,6720.0,6530.0,6680.0,6680.0,838355.0,5602726020.0,118.0,وتوکا,سرمایه گذاری توکافولاد(هلدینگ,بورس
2022-10-11,1401-07-19,6680.0,6850.0,6610.0,6700.0,6690.0,1569912.0,10516669960.0,197.0,وتوکا,سرمایه گذاری توکافولاد(هلدینگ,بورس
2022-10-12,1401-07-20,6690.0,6790.0,6540.0,6660.0,6670.0,1372342.0,9143539080.0,154.0,وتوکا,سرمایه گذاری توکافولاد(هلدینگ,بورس
2022-10-15,1401-07-23,6550.0,6760.0,6410.0,6560.0,6560.0,1851544.0,12099959700.0,147.0,وتوکا,سرمایه گذاری توکافولاد(هلدینگ,بورس
2022-10-16,1401-07-24,6720.0,6720.0,6380.0,6400.0,6520.0,632657.0,4057283810.0,138.0,وتوکا,سرمایه گذاری توکافولاد(هلدینگ,بورس
2022-10-17,1401-07-25,6560.0,6560.0,6230.0,6280.0,6280.0,2993025.0,18784039090.0,342.0,وتوکا,سرمایه گذاری توکافولاد(هلدینگ,بورس
2022-10-18,1401-07-26,6300.0,6560.0,6060.0,6400.0,6390.0,8050526.0,51445222610.0,477.0,وتوکا,سرمایه گذاری توکافولاد(هلدینگ,بورس
2022-10-19,1401-07-27,6560.0,6830.0,6480.0,6830.0,6810.0,13399655.0,91198600800.0,956.0,وتوکا,سرمایه گذاری توکافولاد(هلدینگ,بورس
2022-10-22,1401-07-30,6910.0,7280.0,6860.0,7020.0,7150.0,7815587.0,55878640590.0,992.0,وتوکا,سرمایه گذاری توکافولاد(هلدینگ,بورس
2022-10-23,1401-08-01,6960.0,7020.0,6710.0,6890.0,6830.0,5066652.0,34589109970.0,579.0,وتوکا,سرمایه گذاری توکافولاد(هلدینگ,بورس
2022-10-24,1401-08-02,6890.0,6900.0,6420.0,6650.0,6560.0,2422055.0,15898783140.0,303.0,وتوکا,سرمایه گذاری توکافولاد(هلدینگ,بورس
2022-10-25,1401-08-03,6360.0,6640.0,6270.0,6320.0,6430.0,2011008.0,12908758520.0,274.0,وتوکا,سرمایه گذاری توکافولاد(هلدینگ,بورس
2022-10-26,1401-08-04,6250.0,6300.0,6070.0,6200.0,6150.0,3443108.0,21158951050.0,365.0,وتوکا,سرمایه گذاری توکافولاد(هلدینگ,بورس
2022-10-29,1401-08-07,6200.0,6240.0,6000.0,6080.0,6100.0,1999447.0,12181539220.0,237.0,وتوکا,سرمایه گذاری توکافولاد(هلدینگ,بورس
2022-10-30,1401-08-08,6100.0,6240.0,5950.0,6200.0,6110.0,1677527.0,10266851510.0,211.0,وتوکا,سرمایه گذاری توکافولاد(هلدینگ,بورس
2022-10-31,1401-08-09,6170.0,6420.0,6170.0,6350.0,6180.0,899156.0,5672804080.0,149.0,وتوکا,سرمایه گذاری توکافولاد(هلدینگ,بورس
2022-11-01,1401-08-10,6300.0,6610.0,6250.0,6610.0,6570.0,3096604.0,20331907740.0,328.0,وتوکا,سرمایه گذاری توکافولاد(هلدینگ,بورس
2022-11-02,1401-08-11,6570.0,6730.0,6490.0,6690.0,6580.0,1559775.0,10276634220.0,212.0,وتوکا,سرمایه گذاری توکافولاد(هلدینگ,بورس
2022-11-05,1401-08-14,6690.0,7040.0,6690.0,7040.0,6990.0,2564421.0,17931297650.0,268.0,وتوکا,سرمایه گذاری توکافولاد(هلدینگ,بورس
2022-11-06,1401-08-15,7100.0,7250.0,7000.0,7210.0,7170.0,3346497.0,23986642840.0,487.0,وتوکا,سرمایه گذاری توکافولاد(هلدینگ,بورس
2022-11-07,1401-08-16,7140.0,7670.0,7140.0,7670.0,7560.0,4445853.0,33628990390.0,316.0,وتوکا,سرمایه گذاری توکافولاد(هلدینگ,بورس
2022-11-08,1401-08-17,7680.0,7980.0,7220.0,7370.0,7490.0,3730709.0,27939238350.0,350.0,وتوکا,سرمایه گذاری توکافولاد(هلدینگ,بورس
2022-11-09,1401-08-18,7500.0,7690.0,7200.0,7530.0,7370.0,5065664.0,37313587140.0,332.0,وتوکا,سرمایه گذاری توکافولاد(هلدینگ,بورس
2022-11-12,1401-08-21,7320.0,7670.0,7320.0,7460.0,7460.0,1599335.0,11967623140.0,200.0,وتوکا,سرمایه گذاری توکافولاد(هلدینگ,بورس
2022-11-13,1401-08-22,7460.0,7500.0,7280.0,7380.0,7450.0,843701.0,6276257040.0,171.0,وتوکا,سرمایه گذاری توکافولاد(هلدینگ,بورس
2022-11-14,1401-08-23,7380.0,7480.0,7270.0,7400.0,7400.0,1232278.0,9078938270.0,191.0,وتوکا,سرمایه گذاری توکافولاد(هلدینگ,بورس
2022-11-15,1401-08-24,7260.0,7580.0,7260.0,7550.0,7460.0,1160449.0,8712708820.0,184.0,وتوکا,سرمایه گذاری توکافولاد(هلدینگ,بورس
2022-11-16,1401-08-25,7550.0,7870.0,7450.0,7710.0,7700.0,3299176.0,25403046380.0,340.0,وتوکا,سرمایه گذاری توکافولاد(هلدینگ,بورس
2022-11-19,1401-08-28,7880.0,7880.0,7450.0,7510.0,7600.0,1152582.0,8688702380.0,196.0,وتوکا,سرمایه گذاری توکافولاد(هلدینگ,بورس
2022-11-20,1401-08-29,7780.0,7780.0,7550.0,7600.0,7600.0,1239483.0,9423886760.0,209.0,وتوکا,سرمایه گذاری توکافولاد(هلدینگ,بورس
2022-11-21,1401-08-30,7610.0,7810.0,7610.0,7720.0,7710.0,1300087.0,10093408710.0,184.0,وتوکا,سرمایه گذاری توکافولاد(هلدینگ,بورس
2022-11-22,1401-09-01,7800.0,7800.0,7470.0,7650.0,7620.0,1269342.0,9607743700.0,166.0,وتوکا,سرمایه گذاری توکافولاد(هلدینگ,بورس
2022-11-23,1401-09-02,7530.0,7660.0,7530.0,7630.0,7600.0,937018.0,7099109500.0,161.0,وتوکا,سرمایه گذاری توکافولاد(هلدینگ,بورس
2022-11-26,1401-09-05,7460.0,7660.0,7420.0,7550.0,7570.0,1110201.0,8383649940.0,186.0,وتوکا,سرمایه گذاری توکافولاد(هلدینگ,بورس
2022-11-27,1401-09-06,7590.0,7600.0,7440.0,7490.0,7560.0,525822.0,3967636170.0,114.0,وتوکا,سرمایه گذاری توکافولاد(هلدینگ,بورس
2022-11-28,1401-09-07,7490.0,7590.0,7480.0,7570.0,7540.0,791578.0,5939348150.0,146.0,وتوکا,سرمایه گذاری توکافولاد(هلدینگ,بورس
2022-11-29,1401-09-08,7570.0,7640.0,7480.0,7570.0,7560.0,770850.0,5846020320.0,147.0,وتوکا,سرمایه گذاری توکافولاد(هلدینگ,بورس
2022-11-30,1401-09-09,7560.0,7860.0,7560.0,7700.0,7630.0,769351.0,5946905530.0,236.0,وتوکا,سرمایه گذاری توکافولاد(هلدینگ,بورس
2022-12-03,1401-09-12,7600.0,7850.0,7600.0,7650.0,7660.0,1014194.0,7798083350.0,200.0,وتوکا,سرمایه گذاری توکافولاد(هلدینگ,بورس
2022-12-04,1401-09-13,7520.0,7780.0,7520.0,7700.0,7650.0,1078922.0,8250822040.0,170.0,وتوکا,سرمایه گذاری توکافولاد(هلدینگ,بورس
2022-12-05,1401-09-14,7700.0,7750.0,7520.0,7660.0,7660.0,1019575.0,7818883990.0,166.0,وتوکا,سرمایه گذاری توکافولاد(هلدینگ,بورس
2022-12-06,1401-09-15,7660.0,7720.0,7570.0,7590.0,7620.0,2140171.0,16314633280.0,160.0,وتوکا,سرمایه گذاری توکافولاد(هلدینگ,بورس
2022-12-07,1401-09-16,7570.0,7670.0,7300.0,7480.0,7540.0,1392193.0,10443855610.0,206.0,وتوکا,سرمایه گذاری توکافولاد(هلدینگ,بورس
2022-12-10,1401-09-19,7540.0,7540.0,7150.0,7300.0,7360.0,1375022.0,10017592190.0,218.0,وتوکا,سرمایه گذاری توکافولاد(هلدینگ,بورس
2022-12-11,1401-09-20,7250.0,7450.0,7210.0,7370.0,7340.0,799749.0,5856169630.0,117.0,وتوکا,سرمایه گذاری توکافولاد(هلدینگ,بورس
2022-12-12,1401-09-21,7230.0,7540.0,7230.0,7470.0,7410.0,4158228.0,30801891340.0,266.0,وتوکا,سرمایه گذاری توکافولاد(هلدینگ,بورس
2022-12-13,1401-09-22,7580.0,7920.0,7450.0,7920.0,7870.0,3365461.0,26479039040.0,385.0,وتوکا,سرمایه گذاری توکافولاد(هلدینگ,بورس
2022-12-14,1401-09-23,8060.0,8370.0,7930.0,8010.0,8130.0,4162217.0,33832125950.0,598.0,وتوکا,سرمایه گذاری توکافولاد(هلدینگ,بورس
2022-12-17,1401-09-26,7970.0,8120.0,7920.0,8110.0,8020.0,1966233.0,15760714810.0,326.0,وتوکا,سرمایه گذاری توکافولاد(هلدینگ,بورس
2022-12-18,1401-09-27,8000.0,8350.0,7900.0,8270.0,8250.0,2092479.0,17253567340.0,304.0,وتوکا,سرمایه گذاری توکافولاد(هلدینگ,بورس
2022-12-19,1401-09-28,8030.0,8410.0,8030.0,8120.0,8250.0,1591036.0,13127881770.0,255.0,وتوکا,سرمایه گذاری توکافولاد(هلدینگ,بورس
2022-12-20,1401-09-29,8250.0,8250.0,7930.0,8090.0,8070.0,1405452.0,11271591840.0,222.0,وتوکا,سرمایه گذاری توکافولاد(هلدینگ,بورس
2022-12-21,1401-09-30,7940.0,8200.0,7900.0,8050.0,7980.0,2216491.0,17680829700.0,275.0,وتوکا,سرمایه گذاری توکافولاد(هلدینگ,بورس
2022-12-24,1401-10-03,7900.0,8530.0,7900.0,8530.0,8440.0,3742540.0,31593784150.0,356.0,وتوکا,سرمایه گذاری توکافولاد(هلدینگ,بورس
2022-12-25,1401-10-04,8680.0,8790.0,8550.0,8690.0,8670.0,2550642.0,22103614060.0,408.0,وتوکا,سرمایه گذاری توکافولاد(هلدینگ,بورس
2022-12-26,1401-10-05,8750.0,8900.0,8520.0,8900.0,8660.0,2506789.0,21696832480.0,352.0,وتوکا,سرمایه گذاری توکافولاد(هلدینگ,بورس
2022-12-28,1401-10-07,8930.0,9260.0,8900.0,9260.0,9220.0,4806160.0,44334295480.0,578.0,وتوکا,سرمایه گذاری توکافولاد(هلدینگ,بورس
2022-12-31,1401-10-10,9130.0,9140.0,8580.0,8580.0,8640.0,6013419.0,51942897110.0,601.0,وتوکا,سرمایه گذاری توکافولاد(هلدینگ,بورس
2023-01-01,1401-10-11,8350.0,9150.0,8280.0,8430.0,8590.0,3749127.0,32190485770.0,440.0,وتوکا,سرمایه گذاری توکافولاد(هلدینگ,بورس
2023-01-02,1401-10-12,8590.0,8990.0,8590.0,8680.0,8770.0,2227112.0,19521543310.0,326.0,وتوکا,سرمایه گذاری توکافولاد(هلدینگ,بورس
2023-01-03,1401-10-13,8600.0,8960.0,8410.0,8420.0,8600.0,2046628.0,17603983980.0,278.0,وتوکا,سرمایه گذاری توکافولاد(هلدینگ,بورس
2023-01-04,1401-10-14,8290.0,8470.0,8150.0,8220.0,8250.0,2042306.0,16843417710.0,401.0,وتوکا,سرمایه گذاری توکافولاد(هلدینگ,بورس
2023-01-07,1401-10-17,8210.0,8720.0,8210.0,8440.0,8370.0,6446227.0,53962550180.0,533.0,وتوکا,سرمایه گذاری توکافولاد(هلدینگ,بورس
2023-01-08,1401-10-18,8450.0,8680.0,8400.0,8540.0,8530.0,4860943.0,41455876430.0,559.0,وتوکا,سرمایه گذاری توکافولاد(هلدینگ,بورس
2023-01-09,1401-10-19,8590.0,8990.0,8540.0,8820.0,8760.0,6036163.0,52883487980.0,671.0,وتوکا,سرمایه گذاری توکافولاد(هلدینگ,بورس
2023-01-10,1401-10-20,8980.0,9370.0,8980.0,9100.0,9260.0,7851906.0,72691604000.0,922.0,وتوکا,سرمایه گذاری توکافولاد(هلدینگ,بورس
2023-01-11,1401-10-21,8940.0,9350.0,8730.0,8880.0,9040.0,3844135.0,34746243960.0,535.0,وتوکا,سرمایه گذاری توکافولاد(هلدینگ,بورس
2023-01-14,1401-10-24,8890.0,9020.0,8470.0,8800.0,8770.0,3377956.0,29609344520.0,472.0,وتوکا,سرمایه گذاری توکافولاد(هلدینگ,بورس
2023-01-15,1401-10-24,8890.0,9020.0,8470.0,8800.0,8770.0,3377956.0,29609344520.0,472.0,وتوکا,سرمایه گذاری توکافولاد(هلدینگ,بورس
2023-01-16,1401-10-26,8960.0,9380.0,8760.0,9320.0,9280.0,3742612.0,34733989160.0,464.0,وتوکا,سرمایه گذاری توکافولاد(هلدینگ,بورس
2023-01-17,1401-10-27,9400.0,9920.0,9300.0,9920.0,9760.0,11282142.0,110070924580.0,1469.0,وتوکا,سرمایه گذاری توکافولاد(هلدینگ,بورس
2023-01-18,1401-10-28,9980.0,10220.0,9800.0,9840.0,10010.0,7285822.0,72937082730.0,1480.0,وتوکا,سرمایه گذاری توکافولاد(هلدینگ,بورس
2023-01-21,1401-11-01,10080.0,10080.0,9310.0,9330.0,9420.0,6958546.0,65561533480.0,1042.0,وتوکا,سرمایه گذاری توکافولاد(هلدینگ,بورس
2023-01-22,1401-11-02,9060.0,9690.0,8770.0,9130.0,9020.0,4485748.0,40469559010.0,699.0,وتوکا,سرمایه گذاری توکافولاد(هلدینگ,بورس
2023-01-23,1401-11-03,9200.0,9330.0,8930.0,8990.0,9040.0,4132171.0,37373065780.0,500.0,وتوکا,سرمایه گذاری توکافولاد(هلدینگ,بورس
2023-01-24,1401-11-04,8950.0,9210.0,8910.0,9000.0,9030.0,1730305.0,15618146360.0,328.0,وتوکا,سرمایه گذاری توکافولاد(هلدینگ,بورس
2023-01-25,1401-11-05,9160.0,9250.0,8700.0,8820.0,8840.0,2994317.0,26462911530.0,410.0,وتوکا,سرمایه گذاری توکافولاد(هلدینگ,بورس
2023-01-28,1401-11-08,8530.0,8860.0,8400.0,8420.0,8500.0,2118561.0,18008626610.0,387.0,وتوکا,سرمایه گذاری توکافولاد(هلدینگ,بورس
2023-01-29,1401-11-09,8390.0,8390.0,7910.0,7910.0,7930.0,7283547.0,57725616430.0,568.0,وتوکا,سرمایه گذاری توکافولاد(هلدینگ,بورس
2023-01-30,1401-11-10,7860.0,8280.0,7550.0,8000.0,7840.0,2144682.0,16822566010.0,513.0,وتوکا,سرمایه گذاری توکافولاد(هلدینگ,بورس
2023-01-31,1401-11-11,8000.0,8190.0,7800.0,7890.0,7930.0,2057653.0,16308039320.0,239.0,وتوکا,سرمایه گذاری توکافولاد(هلدینگ,بورس
2023-02-01,1401-11-12,7670.0,8000.0,7670.0,7870.0,7850.0,1067938.0,8335387790.0,230.0,وتوکا,سرمایه گذاری توکافولاد(هلدینگ,بورس
2023-02-05,1401-11-16,7570.0,7850.0,7570.0,7620.0,7770.0,1425919.0,11038770020.0,407.0,وتوکا,سرمایه گذاری توکافولاد(هلدینگ,بورس
2023-02-06,1401-11-17,7460.0,7770.0,7350.0,7650.0,7670.0,1587507.0,12142922290.0,452.0,وتوکا,سرمایه گذاری توکافولاد(هلدینگ,بورس
2023-02-07,1401-11-18,7660.0,8200.0,7660.0,8200.0,8080.0,4382971.0,35436097580.0,474.0,وتوکا,سرمایه گذاری توکافولاد(هلدینگ,بورس
2023-02-08,1401-11-19,8380.0,8600.0,8340.0,8560.0,8500.0,5568473.0,47341552650.0,598.0,وتوکا,سرمایه گذاری توکافولاد(هلدینگ,بورس
2023-02-12,1401-11-23,8420.0,8500.0,8150.0,8400.0,8370.0,3210408.0,26862484030.0,588.0,وتوکا,سرمایه گذاری توکافولاد(هلدینگ,بورس
2023-02-13,1401-11-24,8220.0,8490.0,8220.0,8440.0,8370.0,2006966.0,16796615060.0,297.0,وتوکا,سرمایه گذاری توکافولاد(هلدینگ,بورس
2023-02-14,1401-11-25,8450.0,8450.0,8250.0,8250.0,8310.0,1693309.0,14071913590.0,208.0,وتوکا,سرمایه گذاری توکافولاد(هلدینگ,بورس
2023-02-15,1401-11-26,8040.0,8320.0,8040.0,8100.0,8190.0,1394785.0,11372562540.0,255.0,وتوکا,سرمایه گذاری توکافولاد(هلدینگ,بورس
2023-02-19,1401-11-30,8100.0,8630.0,8100.0,8630.0,8440.0,2897906.0,24453700760.0,303.0,وتوکا,سرمایه گذاری توکافولاد(هلدینگ,بورس
2023-02-20,1401-12-01,8640.0,9030.0,8640.0,9030.0,9030.0,3619060.0,32669918150.0,205.0,وتوکا,سرمایه گذاری توکافولاد(هلدینگ,بورس
2023-02-21,1401-12-02,9400.0,9660.0,9230.0,9660.0,9630.0,12708209.0,122387277650.0,650.0,وتوکا,سرمایه گذاری توکافولاد(هلدینگ,بورس
2023-02-22,1401-12-03,9890.0,9990.0,9340.0,9950.0,9770.0,6891314.0,67338985460.0,800.0,وتوکا,سرمایه گذاری توکافولاد(هلدینگ,بورس
2023-02-25,1401-12-06,10200.0,10450.0,10200.0,10450.0,10440.0,3529753.0,36862182310.0,219.0,وتوکا,سرمایه گذاری توکافولاد(هلدینگ,بورس
2023-02-26,1401-12-07,11140.0,11170.0,10530.0,10730.0,11000.0,13690214.0,150535508030.0,1177.0,وتوکا,سرمایه گذاری توکافولاد(هلدینگ,بورس
2023-02-27,1401-12-08,10580.0,10710.0,10230.0,10440.0,10450.0,12995164.0,135796414290.0,977.0,وتوکا,سرمایه گذاری توکافولاد(هلدینگ,بورس
2023-02-28,1401-12-09,10500.0,11180.0,10300.0,11180.0,11040.0,11405006.0,125942852730.0,950.0,وتوکا,سرمایه گذاری توکافولاد(هلدینگ,بورس
2023-03-01,1401-12-10,11270.0,11740.0,10900.0,11050.0,11240.0,11696148.0,131498005710.0,1745.0,وتوکا,سرمایه گذاری توکافولاد(هلدینگ,بورس
2023-03-04,1401-12-13,11000.0,11180.0,10640.0,11170.0,10900.0,3851955.0,42003333310.0,780.0,وتوکا,سرمایه گذاری توکافولاد(هلدینگ,بورس
2023-03-05,1401-12-14,11120.0,11600.0,10890.0,10930.0,11240.0,4439291.0,49906899920.0,964.0,وتوکا,سرمایه گذاری توکافولاد(هلدینگ,بورس
2023-03-06,1401-12-15,10650.0,11180.0,10640.0,11000.0,10880.0,4064429.0,44237474140.0,1083.0,وتوکا,سرمایه گذاری توکافولاد(هلدینگ,بورس
2023-03-07,1401-12-16,10420.0,11320.0,10410.0,10950.0,11010.0,5716729.0,62951302530.0,784.0,وتوکا,سرمایه گذاری توکافولاد(هلدینگ,بورس
2023-03-11,1401-12-20,10800.0,11130.0,10260.0,10270.0,10530.0,6665712.0,70189802350.0,1455.0,وتوکا,سرمایه گذاری توکافولاد(هلدینگ,بورس
2023-03-12,1401-12-21,10240.0,10250.0,9800.0,10000.0,9960.0,6498078.0,64748185930.0,705.0,وتوکا,سرمایه گذاری توکافولاد(هلدینگ,بورس
2023-03-13,1401-12-22,9800.0,10290.0,9800.0,9940.0,10010.0,1392760.0,13955338520.0,402.0,وتوکا,سرمایه گذاری توکافولاد(هلدینگ,بورس
2023-03-14,1401-12-23,9890.0,10450.0,9890.0,10270.0,10230.0,1978781.0,20243382220.0,521.0,وتوکا,سرمایه گذاری توکافولاد(هلدینگ,بورس
2023-03-15,1401-12-24,10100.0,10740.0,10100.0,10720.0,10550.0,2847746.0,30035251700.0,721.0,وتوکا,سرمایه گذاری توکافولاد(هلدینگ,بورس
2023-03-18,1401-12-27,11260.0,11280.0,11260.0,11280.0,11280.0,6514717.0,73469904790.0,728.0,وتوکا,سرمایه گذاری توکافولاد(هلدینگ,بورس
2023-03-19,1401-12-28,11590.0,11780.0,11300.0,11380.0,11570.0,6892551.0,79764815360.0,885.0,وتوکا,سرمایه گذاری توکافولاد(هلدینگ,بورس
2023-03-25,1402-01-05,11200.0,11750.0,11080.0,11280.0,11420.0,3007073.0,34328420190.0,604.0,وتوکا,سرمایه گذاری توکافولاد(هلدینگ,بورس
2023-03-26,1402-01-06,11220.0,11540.0,10630.0,10700.0,10820.0,9176171.0,99303891980.0,1110.0,وتوکا,سرمایه گذاری توکافولاد(هلدینگ,بورس
2023-03-27,1402-01-07,10300.0,11250.0,10300.0,11000.0,11020.0,3810200.0,41975545450.0,517.0,وتوکا,سرمایه گذاری توکافولاد(هلدینگ,بورس
2023-03-28,1402-01-08,11030.0,11240.0,11020.0,11240.0,11100.0,4441873.0,49323810000.0,606.0,وتوکا,سرمایه گذاری توکافولاد(هلدینگ,بورس
2023-03-29,1402-01-09,11100.0,11390.0,10720.0,11210.0,11120.0,3909690.0,43481373460.0,751.0,وتوکا,سرمایه گذاری توکافولاد(هلدینگ,بورس
2023-04-03,1402-01-14,10550.0,11690.0,10550.0,11440.0,11360.0,8403801.0,95458170610.0,1269.0,وتوکا,سرمایه گذاری توکافولاد(هلدینگ,بورس
2023-04-04,1402-01-15,11690.0,11900.0,11350.0,11480.0,11610.0,8266508.0,96005757650.0,1019.0,وتوکا,سرمایه گذاری توکافولاد(هلدینگ,بورس
2023-04-05,1402-01-16,11160.0,12420.0,11160.0,12420.0,12210.0,23755029.0,290029182000.0,1165.0,وتوکا,سرمایه گذاری توکافولاد(هلدینگ,بورس
2023-04-08,1402-01-19,13050.0,13060.0,12700.0,13060.0,13020.0,15992853.0,208158568320.0,1338.0,وتوکا,سرمایه گذاری توکافولاد(هلدینگ,بورس
2023-04-09,1402-01-20,13700.0,13930.0,13060.0,13900.0,13560.0,19664995.0,266747705400.0,1743.0,وتوکا,سرمایه گذاری توکافولاد(هلدینگ,بورس
2023-04-10,1402-01-21,13590.0,14400.0,12780.0,12840.0,13230.0,10463826.0,138452827110.0,2106.0,وتوکا,سرمایه گذاری توکافولاد(هلدینگ,بورس
2023-04-11,1402-01-22,12830.0,13800.0,12800.0,13710.0,13530.0,6413209.0,86753685260.0,942.0,وتوکا,سرمایه گذاری توکافولاد(هلدینگ,بورس
2023-04-15,1402-01-26,13860.0,14300.0,13840.0,13990.0,14030.0,3889040.0,54567160270.0,732.0,وتوکا,سرمایه گذاری توکافولاد(هلدینگ,بورس
2023-04-16,1402-01-27,14340.0,14340.0,13330.0,13700.0,13790.0,13722383.0,189206485980.0,1688.0,وتوکا,سرمایه گذاری توکافولاد(هلدینگ,بورس
2023-04-17,1402-01-28,13500.0,14500.0,13500.0,13700.0,13900.0,7053881.0,98035617460.0,1134.0,وتوکا,سرمایه گذاری توکافولاد(هلدینگ,بورس
2023-04-18,1402-01-29,13500.0,14450.0,13500.0,14010.0,13970.0,11377643.0,158899393260.0,1804.0,وتوکا,سرمایه گذاری توکافولاد(هلدینگ,بورس
2023-04-19,1402-01-30,14250.0,14260.0,13700.0,14040.0,13900.0,8896718.0,123674146750.0,1070.0,وتوکا,سرمایه گذاری توکافولاد(هلدینگ,بورس
2023-04-24,1402-02-04,14160.0,14820.0,13820.0,14380.0,14300.0,5772069.0,82558047410.0,1001.0,وتوکا,سرمایه گذاری توکافولاد(هلدینگ,بورس
2023-04-25,1402-02-05,14800.0,14980.0,14130.0,14130.0,14520.0,5782242.0,83943237430.0,842.0,وتوکا,سرمایه گذاری توکافولاد(هلدینگ,بورس
2023-04-26,1402-02-06,14600.0,14600.0,13890.0,14120.0,14260.0,7557965.0,107771219590.0,893.0,وتوکا,سرمایه گذاری توکافولاد(هلدینگ,بورس
2023-04-29,1402-02-09,13950.0,15250.0,13950.0,14760.0,14900.0,6756602.0,100697171870.0,985.0,وتوکا,سرمایه گذاری توکافولاد(هلدینگ,بورس
2023-04-30,1402-02-10,14590.0,15210.0,14520.0,14670.0,14660.0,6177404.0,90571791810.0,1074.0,وتوکا,سرمایه گذاری توکافولاد(هلدینگ,بورس
2023-05-01,1402-02-11,14410.0,14710.0,13900.0,14290.0,14190.0,7492112.0,106286273790.0,1319.0,وتوکا,سرمایه گذاری توکافولاد(هلدینگ,بورس
2023-05-02,1402-02-12,14100.0,14820.0,14100.0,14240.0,14390.0,12477185.0,179490557440.0,2260.0,وتوکا,سرمایه گذاری توکافولاد(هلدینگ,بورس
2023-05-03,1402-02-13,14250.0,14780.0,13660.0,13690.0,13970.0,12174405.0,170066891970.0,2481.0,وتوکا,سرمایه گذاری توکافولاد(هلدینگ,بورس
2023-05-06,1402-02-16,13690.0,14550.0,13690.0,14330.0,14210.0,12197794.0,173278429580.0,1705.0,وتوکا,سرمایه گذاری توکافولاد(هلدینگ,بورس
2023-05-07,1402-02-17,14320.0,14640.0,13220.0,13220.0,13320.0,13007316.0,173268806590.0,1092.0,وتوکا,سرمایه گذاری توکافولاد(هلدینگ,بورس
2023-05-08,1402-02-18,12390.0,12900.0,12390.0,12390.0,12440.0,2968869.0,36936770760.0,435.0,وتوکا,سرمایه گذاری توکافولاد(هلدینگ,بورس
2023-05-09,1402-02-19,11570.0,12690.0,11570.0,12530.0,12070.0,6880721.0,83067292470.0,1265.0,وتوکا,سرمایه گذاری توکافولاد(هلدینگ,بورس
2023-05-10,1402-02-20,12530.0,12910.0,11720.0,12260.0,12410.0,10752861.0,133458087450.0,1391.0,وتوکا,سرمایه گذاری توکافولاد(هلدینگ,بورس
2023-05-13,1402-02-23,12650.0,12650.0,11640.0,12320.0,12050.0,6047580.0,72903427190.0,941.0,وتوکا,سرمایه گذاری توکافولاد(هلدینگ,بورس
2023-05-14,1402-02-24,12250.0,12890.0,12230.0,12890.0,12680.0,5648030.0,71596616180.0,885.0,وتوکا,سرمایه گذاری توکافولاد(هلدینگ,بورس
2023-05-15,1402-02-25,13080.0,13430.0,12640.0,13200.0,13020.0,5537355.0,72073284640.0,909.0,وتوکا,سرمایه گذاری توکافولاد(هلدینگ,بورس
2023-05-17,1402-02-27,13340.0,13930.0,13010.0,13930.0,13850.0,7772481.0,107619007470.0,1007.0,وتوکا,سرمایه گذاری توکافولاد(هلدینگ,بورس
2023-05-20,1402-02-30,14170.0,14170.0,13190.0,13260.0,13600.0,5743369.0,78099673560.0,1387.0,وتوکا,سرمایه گذاری توکافولاد(هلدینگ,بورس
2023-05-21,1402-02-31,13660.0,13660.0,12720.0,13040.0,13040.0,7082334.0,92321062340.0,1831.0,وتوکا,سرمایه گذاری توکافولاد(هلدینگ,بورس
2023-05-22,1402-03-01,13150.0,13150.0,12780.0,12900.0,12950.0,4595256.0,59523131320.0,653.0,وتوکا,سرمایه گذاری توکافولاد(هلدینگ,بورس
2023-05-23,1402-03-02,12950.0,13280.0,12710.0,12780.0,12990.0,2000033.0,25987252690.0,585.0,وتوکا,سرمایه گذاری توکافولاد(هلدینگ,بورس
2023-05-24,1402-03-03,12780.0,13130.0,12600.0,12610.0,12790.0,3109859.0,39759676050.0,539.0,وتوکا,سرمایه گذاری توکافولاد(هلدینگ,بورس
2023-05-27,1402-03-06,12980.0,13140.0,12200.0,12210.0,12590.0,2738834.0,34478064490.0,612.0,وتوکا,سرمایه گذاری توکافولاد(هلدینگ,بورس
2023-05-28,1402-03-07,12080.0,12670.0,11710.0,12190.0,11940.0,3737990.0,44630194860.0,757.0,وتوکا,سرمایه گذاری توکافولاد(هلدینگ,بورس
2023-05-29,1402-03-08,12000.0,12640.0,12000.0,12370.0,12350.0,2446826.0,30212870620.0,519.0,وتوکا,سرمایه گذاری توکافولاد(هلدینگ,بورس
2023-05-30,1402-03-09,12910.0,12920.0,12430.0,12500.0,12580.0,1702093.0,21413867310.0,396.0,وتوکا,سرمایه گذاری توکافولاد(هلدینگ,بورس
2023-05-31,1402-03-10,12750.0,12750.0,11810.0,11980.0,12160.0,3543673.0,43096305720.0,954.0,وتوکا,سرمایه گذاری توکافولاد(هلدینگ,بورس
2023-06-03,1402-03-13,12260.0,12730.0,12160.0,12480.0,12490.0,3205511.0,40027203740.0,550.0,وتوکا,سرمایه گذاری توکافولاد(هلدینگ,بورس
2023-06-06,1402-03-16,12510.0,13190.0,12510.0,13160.0,12950.0,7591019.0,98307329050.0,1042.0,وتوکا,سرمایه گذاری توکافولاد(هلدینگ,بورس
2023-06-07,1402-03-17,13120.0,13600.0,12910.0,13070.0,13230.0,7700615.0,101886247250.0,1307.0,وتوکا,سرمایه گذاری توکافولاد(هلدینگ,بورس
2023-06-10,1402-03-20,13210.0,13210.0,12370.0,12950.0,12790.0,9099244.0,116364148900.0,1228.0,وتوکا,سرمایه گذاری توکافولاد(هلدینگ,بورس
2023-06-11,1402-03-21,12690.0,13340.0,12690.0,13000.0,13030.0,6554349.0,85418878620.0,1175.0,وتوکا,سرمایه گذاری توکافولاد(هلدینگ,بورس
2023-06-12,1402-03-22,12990.0,13100.0,12120.0,12130.0,12240.0,22326145.0,273275043190.0,2170.0,وتوکا,سرمایه گذاری توکافولاد(هلدینگ,بورس
2023-06-13,1402-03-22,12990.0,13100.0,12120.0,12130.0,12240.0,22326145.0,273275043190.0,2170.0,وتوکا,سرمایه گذاری توکافولاد(هلدینگ,بورس
2023-06-14,1402-03-22,12990.0,13100.0,12120.0,12130.0,12240.0,22326145.0,273275043190.0,2170.0,وتوکا,سرمایه گذاری توکافولاد(هلدینگ,بورس
2023-06-17,1402-03-22,12990.0,13100.0,12120.0,12130.0,12240.0,22326145.0,273275043190.0,2170.0,وتوکا,سرمایه گذاری توکافولاد(هلدینگ,بورس
2023-06-18,1402-03-22,12990.0,13100.0,12120.0,12130.0,12240.0,22326145.0,273275043190.0,2170.0,وتوکا,سرمایه گذاری توکافولاد(هلدینگ,بورس
2023-06-19,1402-03-22,12990.0,13100.0,12120.0,12130.0,12240.0,22326145.0,273275043190.0,2170.0,وتوکا,سرمایه گذاری توکافولاد(هلدینگ,بورس
2023-06-20,1402-03-22,12990.0,13100.0,12120.0,12130.0,12240.0,22326145.0,273275043190.0,2170.0,وتوکا,سرمایه گذاری توکافولاد(هلدینگ,بورس
2023-06-21,1402-03-22,12990.0,13100.0,12120.0,12130.0,12240.0,22326145.0,273275043190.0,2170.0,وتوکا,سرمایه گذاری توکافولاد(هلدینگ,بورس
2023-06-24,1402-03-22,12990.0,13100.0,12120.0,12130.0,12240.0,22326145.0,273275043190.0,2170.0,وتوکا,سرمایه گذاری توکافولاد(هلدینگ,بورس
2023-06-25,1402-04-04,4579.0,4579.0,4553.0,4579.0,4579.0,33551237.0,153627242837.0,382.0,وتوکا,سرمایه گذاری توکافولاد(هلدینگ,بورس
2023-06-26,1402-04-05,4899.0,4899.0,4899.0,4899.0,4899.0,16210763.0,79416527937.0,204.0,وتوکا,سرمایه گذاری توکافولاد(هلدینگ,بورس
2023-06-27,1402-04-06,4970.0,5000.0,4600.0,4770.0,4862.0,69838116.0,339522160201.0,3035.0,وتوکا,سرمایه گذاری توکافولاد(هلدینگ,بورس
2023-06-28,1402-04-07,4571.0,4830.0,4555.0,4622.0,4666.0,15091747.0,70423456544.0,1655.0,وتوکا,سرمایه گذاری توکافولاد(هلدینگ,بورس
2023-07-01,1402-04-10,4548.0,4762.0,4548.0,4565.0,4590.0,7937198.0,36431350209.0,573.0,وتوکا,سرمایه گذاری توکافولاد(هلدینگ,بورس
2023-07-02,1402-04-11,4525.0,4660.0,4524.0,4630.0,4586.0,10761541.0,49348705472.0,797.0,وتوکا,سرمایه گذاری توکافولاد(هلدینگ,بورس
2023-07-03,1402-04-12,4690.0,4690.0,4515.0,4622.0,4564.0,7999597.0,36508269978.0,847.0,وتوکا,سرمایه گذاری توکافولاد(هلدینگ,بورس
2023-07-04,1402-04-13,4678.0,4740.0,4582.0,4610.0,4674.0,10537315.0,49252172620.0,724.0,وتوکا,سرمایه گذاری توکافولاد(هلدینگ,بورس
2023-07-05,1402-04-14,4720.0,4720.0,4523.0,4543.0,4598.0,7497645.0,34474804105.0,803.0,وتوکا,سرمایه گذاری توکافولاد(هلدینگ,بورس
2023-07-08,1402-04-17,4640.0,4640.0,4340.0,4349.0,4436.0,7896720.0,35030182415.0,873.0,وتوکا,سرمایه گذاری توکافولاد(هلدینگ,بورس
2023-07-09,1402-04-18,4436.0,4490.0,4235.0,4281.0,4326.0,11444195.0,49502306609.0,723.0,وتوکا,سرمایه گذاری توکافولاد(هلدینگ,بورس
2023-07-10,1402-04-19,4203.0,4370.0,4077.0,4160.0,4226.0,6816657.0,28807233923.0,643.0,وتوکا,سرمایه گذاری توکافولاد(هلدینگ,بورس
2023-07-11,1402-04-20,4186.0,4266.0,3931.0,3931.0,4008.0,11619458.0,46567789187.0,563.0,وتوکا,سرمایه گذاری توکافولاد(هلدینگ,بورس
2023-07-12,1402-04-21,4095.0,4095.0,3732.0,3830.0,3798.0,5216782.0,19813907620.0,457.0,وتوکا,سرمایه گذاری توکافولاد(هلدینگ,بورس
2023-07-15,1402-04-24,3755.0,4049.0,3700.0,3747.0,3852.0,7706656.0,29682546005.0,578.0,وتوکا,سرمایه گذاری توکافولاد(هلدینگ,بورس
2023-07-16,1402-04-25,3780.0,3780.0,3600.0,3602.0,3634.0,5413053.0,19669666098.0,418.0,وتوکا,سرمایه گذاری توکافولاد(هلدینگ,بورس
2023-07-17,1402-04-26,3600.0,3600.0,3380.0,3380.0,3427.0,6358408.0,21788297139.0,274.0,وتوکا,سرمایه گذاری توکافولاد(هلدینگ,بورس
2023-07-18,1402-04-26,3600.0,3600.0,3380.0,3380.0,3427.0,6358408.0,21788297139.0,274.0,وتوکا,سرمایه گذاری توکافولاد(هلدینگ,بورس
2023-07-19,1402-04-26,3600.0,3600.0,3380.0,3380.0,3427.0,6358408.0,21788297139.0,274.0,وتوکا,سرمایه گذاری توکافولاد(هلدینگ,بورس
2023-07-22,1402-04-31,3361.0,3666.0,3361.0,3666.0,3631.0,13275504.0,48198066611.0,667.0,وتوکا,سرمایه گذاری توکافولاد(هلدینگ,بورس
2023-07-23,1402-05-01,3750.0,3821.0,3600.0,3818.0,3733.0,13641836.0,50918533258.0,735.0,وتوکا,سرمایه گذاری توکافولاد(هلدینگ,بورس
2023-07-24,1402-05-02,3850.0,3850.0,3690.0,3705.0,3752.0,3121590.0,11743634137.0,361.0,وتوکا,سرمایه گذاری توکافولاد(هلدینگ,بورس
2023-07-25,1402-05-03,3737.0,3883.0,3696.0,3715.0,3759.0,2543071.0,9577042987.0,285.0,وتوکا,سرمایه گذاری توکافولاد(هلدینگ,بورس
2023-07-26,1402-05-04,3731.0,3835.0,3725.0,3790.0,3760.0,1255934.0,4726416999.0,157.0,وتوکا,سرمایه گذاری توکافولاد(هلدینگ,بورس
2023-07-29,1402-05-07,3671.0,3884.0,3671.0,3682.0,3749.0,1871842.0,6986532207.0,223.0,وتوکا,سرمایه گذاری توکافولاد(هلدینگ,بورس
2023-07-30,1402-05-08,3749.0,3749.0,3501.0,3651.0,3625.0,3653853.0,13097681195.0,350.0,وتوکا,سرمایه گذاری توکافولاد(هلدینگ,بورس
2023-07-31,1402-05-09,3678.0,3750.0,3618.0,3647.0,3630.0,1056145.0,3852208665.0,135.0,وتوکا,سرمایه گذاری توکافولاد(هلدینگ,بورس
2023-08-01,1402-05-10,3705.0,3738.0,3636.0,3651.0,3655.0,2197876.0,8099845608.0,190.0,وتوکا,سرمایه گذاری توکافولاد(هلدینگ,بورس
2023-08-02,1402-05-10,3705.0,3738.0,3636.0,3651.0,3655.0,2197876.0,8099845608.0,190.0,وتوکا,سرمایه گذاری توکافولاد(هلدینگ,بورس
2023-08-05,1402-05-14,3790.0,3910.0,3675.0,3894.0,3825.0,7045877.0,26952868855.0,463.0,وتوکا,سرمایه گذاری توکافولاد(هلدینگ,بورس
2023-08-06,1402-05-15,3880.0,3899.0,3701.0,3827.0,3784.0,9181335.0,34741481436.0,602.0,وتوکا,سرمایه گذاری توکافولاد(هلدینگ,بورس
2023-08-07,1402-05-16,3810.0,4048.0,3724.0,3907.0,3955.0,10945110.0,43283314087.0,782.0,وتوکا,سرمایه گذاری توکافولاد(هلدینگ,بورس
2023-08-08,1402-05-17,3792.0,3967.0,3781.0,3890.0,3873.0,5637909.0,21834869302.0,589.0,وتوکا,سرمایه گذاری توکافولاد(هلدینگ,بورس
2023-08-09,1402-05-18,3858.0,4021.0,3800.0,3860.0,3879.0,2471641.0,9602891898.0,311.0,وتوکا,سرمایه گذاری توکافولاد(هلدینگ,بورس
2023-08-12,1402-05-21,3959.0,3959.0,3672.0,3695.0,3782.0,3328148.0,12438162456.0,462.0,وتوکا,سرمایه گذاری توکافولاد(هلدینگ,بورس
2023-08-13,1402-05-22,3590.0,3764.0,3590.0,3709.0,3703.0,6205581.0,22981164076.0,304.0,وتوکا,سرمایه گذاری توکافولاد(هلدینگ,بورس
2023-08-14,1402-05-23,3668.0,3958.0,3668.0,3803.0,3794.0,4683439.0,17781244070.0,308.0,وتوکا,سرمایه گذاری توکافولاد(هلدینگ,بورس
2023-08-15,1402-05-24,3795.0,3870.0,3795.0,3822.0,3808.0,11543638.0,43963634340.0,406.0,وتوکا,سرمایه گذاری توکافولاد(هلدینگ,بورس
2023-08-16,1402-05-25,3819.0,4058.0,3819.0,3976.0,4002.0,10525432.0,42122332280.0,481.0,وتوکا,سرمایه گذاری توکافولاد(هلدینگ,بورس
2023-08-19,1402-05-28,3840.0,4002.0,3760.0,3800.0,3911.0,2689931.0,10326678250.0,284.0,وتوکا,سرمایه گذاری توکافولاد(هلدینگ,بورس
2023-08-20,1402-05-29,3895.0,3895.0,3749.0,3829.0,3790.0,5300634.0,20091411174.0,734.0,وتوکا,سرمایه گذاری توکافولاد(هلدینگ,بورس
2023-08-21,1402-05-30,3803.0,3872.0,3772.0,3814.0,3800.0,3281652.0,12487893613.0,308.0,وتوکا,سرمایه گذاری توکافولاد(هلدینگ,بورس
2023-08-22,1402-05-31,3651.0,3800.0,3571.0,3620.0,3719.0,2744921.0,10037644182.0,460.0,وتوکا,سرمایه گذاری توکافولاد(هلدینگ,بورس
2023-08-23,1402-06-01,3541.0,3979.0,3541.0,3818.0,3774.0,6761129.0,25513470605.0,464.0,وتوکا,سرمایه گذاری توکافولاد(هلدینگ,بورس
2023-08-26,1402-06-04,3780.0,3995.0,3780.0,3970.0,3930.0,4644514.0,18281712060.0,235.0,وتوکا,سرمایه گذاری توکافولاد(هلدینگ,بورس
2023-08-27,1402-06-05,3930.0,4205.0,3930.0,4170.0,4156.0,9137889.0,37977358746.0,477.0,وتوکا,سرمایه گذاری توکافولاد(هلدینگ,بورس
2023-08-28,1402-06-06,4205.0,4231.0,4113.0,4164.0,4153.0,3596614.0,14932744940.0,423.0,وتوکا,سرمایه گذاری توکافولاد(هلدینگ,بورس
2023-08-29,1402-06-07,4190.0,4218.0,3997.0,4154.0,4117.0,2530118.0,10331237585.0,226.0,وتوکا,سرمایه گذاری توکافولاد(هلدینگ,بورس
2023-08-30,1402-06-08,4070.0,4208.0,4034.0,4182.0,4159.0,3448947.0,14404802430.0,283.0,وتوکا,سرمایه گذاری توکافولاد(هلدینگ,بورس
2023-09-02,1402-06-11,4185.0,4278.0,4040.0,4200.0,4170.0,3935860.0,16422716808.0,531.0,وتوکا,سرمایه گذاری توکافولاد(هلدینگ,بورس
2023-09-03,1402-06-12,4270.0,4270.0,4065.0,4190.0,4183.0,2194685.0,9215729308.0,207.0,وتوکا,سرمایه گذاری توکافولاد(هلدینگ,بورس
2023-09-04,1402-06-13,4111.0,4350.0,4111.0,4305.0,4264.0,3754336.0,16095350322.0,278.0,وتوکا,سرمایه گذاری توکافولاد(هلدینگ,بورس
2023-09-05,1402-06-14,4210.0,4356.0,4210.0,4300.0,4279.0,2348471.0,10085417446.0,256.0,وتوکا,سرمایه گذاری توکافولاد(هلدینگ,بورس
2023-09-09,1402-06-18,4247.0,4354.0,4077.0,4279.0,4290.0,6209191.0,26639725017.0,403.0,وتوکا,سرمایه گذاری توکافولاد(هلدینگ,بورس
2023-09-10,1402-06-19,4189.0,4290.0,4138.0,4193.0,4268.0,2207292.0,9362721117.0,299.0,وتوکا,سرمایه گذاری توکافولاد(هلدینگ,بورس
2023-09-11,1402-06-20,4101.0,4267.0,4101.0,4209.0,4231.0,1945497.0,8123834144.0,315.0,وتوکا,سرمایه گذاری توکافولاد(هلدینگ,بورس
2023-09-12,1402-06-21,4140.0,4260.0,4140.0,4168.0,4226.0,2355377.0,9941899082.0,246.0,وتوکا,سرمایه گذاری توکافولاد(هلدینگ,بورس
2023-09-13,1402-06-22,4167.0,4263.0,4167.0,4203.0,4226.0,1519741.0,6422066645.0,346.0,وتوکا,سرمایه گذاری توکافولاد(هلدینگ,بورس
2023-09-17,1402-06-26,4113.0,4262.0,4113.0,4246.0,4220.0,1157254.0,4860994890.0,177.0,وتوکا,سرمایه گذاری توکافولاد(هلدینگ,بورس
2023-09-18,1402-06-27,4182.0,4499.0,4157.0,4433.0,4415.0,6610666.0,29189282241.0,557.0,وتوکا,سرمایه گذاری توکافولاد(هلدینگ,بورس
2023-09-19,1402-06-28,4390.0,4550.0,4280.0,4520.0,4506.0,5704943.0,25705002552.0,523.0,وتوکا,سرمایه گذاری توکافولاد(هلدینگ,بورس
2023-09-20,1402-06-29,4560.0,4560.0,4401.0,4420.0,4485.0,1608326.0,7144303885.0,303.0,وتوکا,سرمایه گذاری توکافولاد(هلدینگ,بورس
2023-09-23,1402-07-01,4409.0,4545.0,4367.0,4479.0,4459.0,2533051.0,11233016042.0,341.0,وتوکا,سرمایه گذاری توکافولاد(هلدینگ,بورس
2023-09-25,1402-07-03,4241.0,4500.0,4241.0,4396.0,4395.0,3114088.0,13574139534.0,387.0,وتوکا,سرمایه گذاری توکافولاد(هلدینگ,بورس
2023-09-26,1402-07-04,4499.0,4562.0,4399.0,4513.0,4518.0,6380986.0,28828916931.0,354.0,وتوکا,سرمایه گذاری توکافولاد(هلدینگ,بورس
2023-09-27,1402-07-05,4557.0,4580.0,4449.0,4553.0,4534.0,3896191.0,17682721451.0,304.0,وتوکا,سرمایه گذاری توکافولاد(هلدینگ,بورس
2023-09-30,1402-07-08,4350.0,4560.0,4307.0,4311.0,4450.0,2845102.0,12494403968.0,414.0,وتوکا,سرمایه گذاری توکافولاد(هلدینگ,بورس
2023-10-01,1402-07-09,4470.0,4470.0,4273.0,4338.0,4431.0,630517.0,2715629089.0,101.0,وتوکا,سرمایه گذاری توکافولاد(هلدینگ,بورس
2023-10-02,1402-07-10,4490.0,4490.0,4306.0,4340.0,4398.0,1817725.0,7892138475.0,235.0,وتوکا,سرمایه گذاری توکافولاد(هلدینگ,بورس
2023-10-04,1402-07-12,4390.0,4390.0,4262.0,4275.0,4366.0,1738218.0,7489347749.0,238.0,وتوکا,سرمایه گذاری توکافولاد(هلدینگ,بورس
2023-10-07,1402-07-15,4356.0,4356.0,4171.0,4263.0,4331.0,1194473.0,5044450581.0,292.0,وتوکا,سرمایه گذاری توکافولاد(هلدینگ,بورس
2023-10-08,1402-07-16,4377.0,4377.0,4028.0,4028.0,4049.0,5163058.0,20903524762.0,184.0,وتوکا,سرمایه گذاری توکافولاد(هلدینگ,بورس
2023-10-09,1402-07-17,4330.0,4330.0,3900.0,4040.0,4039.0,1201695.0,4819358434.0,134.0,وتوکا,سرمایه گذاری توکافولاد(هلدینگ,بورس
2023-10-10,1402-07-18,4040.0,4270.0,3822.0,4100.0,4037.0,1627141.0,6561456878.0,137.0,وتوکا,سرمایه گذاری توکافولاد(هلدینگ,بورس
2023-10-11,1402-07-19,3920.0,4200.0,3920.0,4048.0,4054.0,1838626.0,7504004223.0,128.0,وتوکا,سرمایه گذاری توکافولاد(هلدینگ,بورس
2023-10-14,1402-07-22,3920.0,4041.0,3869.0,3968.0,4038.0,587762.0,2306514902.0,96.0,وتوکا,سرمایه گذاری توکافولاد(هلدینگ,بورس
2023-10-15,1402-07-23,4176.0,4176.0,3924.0,4027.0,4028.0,903798.0,3602636604.0,117.0,وتوکا,سرمایه گذاری توکافولاد(هلدینگ,بورس
2023-10-16,1402-07-24,3950.0,4105.0,3950.0,4024.0,4026.0,669319.0,2684070852.0,117.0,وتوکا,سرمایه گذاری توکافولاد(هلدینگ,بورس
2023-10-17,1402-07-25,3913.0,4188.0,3913.0,4095.0,4057.0,3759863.0,15284973024.0,377.0,وتوکا,سرمایه گذاری توکافولاد(هلدینگ,بورس
2023-10-18,1402-07-26,4054.0,4054.0,3984.0,4020.0,4038.0,2249650.0,9036139536.0,306.0,وتوکا,سرمایه گذاری توکافولاد(هلدینگ,بورس
2023-10-21,1402-07-29,3904.0,4043.0,3904.0,4010.0,4033.0,888490.0,3565593583.0,170.0,وتوکا,سرمایه گذاری توکافولاد(هلدینگ,بورس
2023-10-22,1402-07-30,3900.0,4121.0,3900.0,4022.0,4036.0,1054276.0,4266045310.0,155.0,وتوکا,سرمایه گذاری توکافولاد(هلدینگ,بورس
2023-10-23,1402-08-01,3931.0,4049.0,3899.0,3959.0,3999.0,1856838.0,7315656310.0,261.0,وتوکا,سرمایه گذاری توکافولاد(هلدینگ,بورس
2023-10-24,1402-08-02,3853.0,4059.0,3783.0,3983.0,3979.0,1140025.0,4463524507.0,116.0,وتوکا,سرمایه گذاری توکافولاد(هلدینگ,بورس
2023-10-25,1402-08-03,3793.0,4040.0,3793.0,4039.0,3964.0,1325923.0,5204674512.0,151.0,وتوکا,سرمایه گذاری توکافولاد(هلدینگ,بورس
2023-10-28,1402-08-06,3801.0,4000.0,3687.0,3750.0,3821.0,3010237.0,11240406369.0,230.0,وتوکا,سرمایه گذاری توکافولاد(هلدینگ,بورس
2023-10-29,1402-08-07,3750.0,3933.0,3750.0,3881.0,3827.0,1183802.0,4554254316.0,159.0,وتوکا,سرمایه گذاری توکافولاد(هلدینگ,بورس
2023-10-30,1402-08-08,3700.0,4094.0,3700.0,4094.0,4054.0,5426344.0,21999789232.0,372.0,وتوکا,سرمایه گذاری توکافولاد(هلدینگ,بورس
2023-10-31,1402-08-09,4250.0,4337.0,4210.0,4290.0,4321.0,11969679.0,51715759503.0,760.0,وتوکا,سرمایه گذاری توکافولاد(هلدینگ,بورس
2023-11-01,1402-08-10,4290.0,4378.0,4051.0,4319.0,4249.0,3799068.0,16066333317.0,314.0,وتوکا,سرمایه گذاری توکافولاد(هلدینگ,بورس
2023-11-04,1402-08-13,4378.0,4444.0,4269.0,4380.0,4336.0,3821064.0,16657310769.0,259.0,وتوکا,سرمایه گذاری توکافولاد(هلدینگ,بورس
2023-11-05,1402-08-14,4340.0,4472.0,4340.0,4416.0,4380.0,2857137.0,12600334020.0,338.0,وتوکا,سرمایه گذاری توکافولاد(هلدینگ,بورس
2023-11-06,1402-08-15,4342.0,4450.0,4260.0,4262.0,4361.0,2559099.0,11117283605.0,259.0,وتوکا,سرمایه گذاری توکافولاد(هلدینگ,بورس
2023-11-07,1402-08-16,4160.0,4482.0,4160.0,4460.0,4365.0,8302816.0,36237655440.0,608.0,وتوکا,سرمایه گذاری توکافولاد(هلدینگ,بورس
2023-11-08,1402-08-17,4333.0,4529.0,4333.0,4524.0,4478.0,5845942.0,26177737589.0,534.0,وتوکا,سرمایه گذاری توکافولاد(هلدینگ,بورس
2023-11-11,1402-08-20,4441.0,4731.0,4441.0,4637.0,4554.0,14388322.0,65531470640.0,604.0,وتوکا,سرمایه گذاری توکافولاد(هلدینگ,بورس
2023-11-12,1402-08-21,4644.0,4789.0,4600.0,4745.0,4713.0,14508473.0,68371716719.0,889.0,وتوکا,سرمایه گذاری توکافولاد(هلدینگ,بورس
2023-11-13,1402-08-22,4654.0,4871.0,4604.0,4680.0,4788.0,6839863.0,32747849145.0,566.0,وتوکا,سرمایه گذاری توکافولاد(هلدینگ,بورس
2023-11-14,1402-08-23,4550.0,4798.0,4550.0,4647.0,4711.0,2166013.0,9998472275.0,304.0,وتوکا,سرمایه گذاری توکافولاد(هلدینگ,بورس
2023-11-15,1402-08-24,4569.0,4703.0,4382.0,4382.0,4461.0,8996487.0,40133223863.0,556.0,وتوکا,سرمایه گذاری توکافولاد(هلدینگ,بورس
2023-11-18,1402-08-27,4458.0,4489.0,4209.0,4445.0,4359.0,9693224.0,42255458867.0,858.0,وتوکا,سرمایه گذاری توکافولاد(هلدینگ,بورس
2023-11-19,1402-08-28,4411.0,4570.0,4380.0,4560.0,4476.0,10121281.0,45299807456.0,1017.0,وتوکا,سرمایه گذاری توکافولاد(هلدینگ,بورس
2023-11-20,1402-08-29,4570.0,4789.0,4451.0,4690.0,4728.0,50648650.0,239476939949.0,2133.0,وتوکا,سرمایه گذاری توکافولاد(هلدینگ,بورس
2023-11-21,1402-08-30,4690.0,4710.0,4466.0,4482.0,4550.0,12030148.0,54736774017.0,1128.0,وتوکا,سرمایه گذاری توکافولاد(هلدینگ,بورس
2023-11-22,1402-09-01,4568.0,4568.0,4409.0,4409.0,4486.0,4152323.0,18581574513.0,480.0,وتوکا,سرمایه گذاری توکافولاد(هلدینگ,بورس
2023-11-25,1402-09-04,4400.0,4499.0,4172.0,4196.0,4213.0,27122363.0,114266635478.0,1644.0,وتوکا,سرمایه گذاری توکافولاد(هلدینگ,بورس
2023-11-26,1402-09-05,4100.0,4270.0,4100.0,4215.0,4228.0,5881907.0,24867783777.0,498.0,وتوکا,سرمایه گذاری توکافولاد(هلدینگ,بورس
2023-11-27,1402-09-06,4267.0,4267.0,4106.0,4209.0,4194.0,6139665.0,25749690761.0,407.0,وتوکا,سرمایه گذاری توکافولاد(هلدینگ,بورس
2023-11-28,1402-09-07,4140.0,4405.0,4140.0,4339.0,4309.0,9126378.0,39323600091.0,644.0,وتوکا,سرمایه گذاری توکافولاد(هلدینگ,بورس
2023-11-29,1402-09-08,4459.0,4580.0,4253.0,4580.0,4495.0,12831753.0,57681947234.0,731.0,وتوکا,سرمایه گذاری توکافولاد(هلدینگ,بورس
2023-12-02,1402-09-11,4651.0,4745.0,4515.0,4630.0,4630.0,10197089.0,47216091395.0,726.0,وتوکا,سرمایه گذاری توکافولاد(هلدینگ,بورس
2023-12-03,1402-09-12,4630.0,4900.0,4485.0,4875.0,4781.0,10932495.0,52262890861.0,557.0,وتوکا,سرمایه گذاری توکافولاد(هلدینگ,بورس
2023-12-04,1402-09-13,4933.0,4933.0,4650.0,4709.0,4758.0,6968916.0,33155211053.0,589.0,وتوکا,سرمایه گذاری توکافولاد(هلدینگ,بورس
2023-12-05,1402-09-14,4651.0,4849.0,4651.0,4766.0,4708.0,7550255.0,35547075404.0,501.0,وتوکا,سرمایه گذاری توکافولاد(هلدینگ,بورس
2023-12-06,1402-09-15,4764.0,4890.0,4636.0,4869.0,4776.0,16262906.0,77679426132.0,551.0,وتوکا,سرمایه گذاری توکافولاد(هلدینگ,بورس
2023-12-09,1402-09-18,4828.0,4920.0,4752.0,4798.0,4826.0,8195969.0,39554685307.0,558.0,وتوکا,سرمایه گذاری توکافولاد(هلدینگ,بورس
2023-12-10,1402-09-19,4720.0,4826.0,4691.0,4785.0,4797.0,3277827.0,15677723600.0,264.0,وتوکا,سرمایه گذاری توکافولاد(هلدینگ,بورس
2023-12-11,1402-09-20,4645.0,4810.0,4645.0,4800.0,4773.0,5128035.0,24475014675.0,303.0,وتوکا,سرمایه گذاری توکافولاد(هلدینگ,بورس
2023-12-12,1402-09-21,4744.0,4818.0,4670.0,4673.0,4721.0,3782849.0,17803198406.0,231.0,وتوکا,سرمایه گذاری توکافولاد(هلدینگ,بورس
2023-12-13,1402-09-22,4641.0,4729.0,4600.0,4719.0,4635.0,5134235.0,23796244839.0,308.0,وتوکا,سرمایه گذاری توکافولاد(هلدینگ,بورس
