Date,J-Date,Open,High,Low,Close,Final,Volume,Ticker,Final_yes,high_rate,low_rate,open_rate,earning_rate,Volume_rate,smooth-close,label
2022-06-01,1401-03-11,13120.0,13480.0,12770.0,13220.0,13030.0,514520.0,سکرما,13030.0,0.01688411358403684,-0.059861857252494245,0.01688411358403684,-0.03376822716807368,-0.22838150777502805,19499.280022202624,1
2022-06-06,1401-03-16,13250.0,13250.0,12250.0,12590.0,12710.0,796966.0,سکرما,13030.0,0.01688411358403684,-0.059861857252494245,0.01688411358403684,-0.03376822716807368,0.04504039851234183,16539.742663950678,1
2022-06-07,1401-03-17,12710.0,13400.0,12710.0,13350.0,13160.0,1133384.0,سکرما,12710.0,0.05428796223446106,0.0,0.0,0.05035405192761605,0.3707099100982181,16990.984286031962,1
2022-06-08,1401-03-18,13380.0,13400.0,13020.0,13350.0,13190.0,821453.0,سکرما,13160.0,0.0182370820668693,-0.010638297872340425,0.016717325227963525,0.014437689969604863,0.06874504371623506,17996.487489467472,1
2022-06-11,1401-03-21,13200.0,13400.0,13000.0,13240.0,13180.0,4043918.0,سکرما,13190.0,0.01592115238817286,-0.014404852160727824,0.000758150113722517,0.0037907505686125853,3.1882529257337864,17699.20537729868,1
2022-06-12,1401-03-22,13370.0,13890.0,12750.0,13660.0,13360.0,1388631.0,سکرما,13180.0,0.05386949924127466,-0.032625189681335355,0.014415781487101669,0.036418816388467376,0.6178018190441132,17320.885245782672,1
2022-06-13,1401-03-23,13980.0,14160.0,13500.0,14000.0,14010.0,4209619.0,سکرما,13360.0,0.059880239520958084,0.010479041916167664,0.04640718562874251,0.04790419161676647,3.348659811629581,17771.60038149718,1
2022-06-14,1401-03-24,13910.0,14060.0,13500.0,13600.0,13800.0,1228099.0,سکرما,14010.0,0.0035688793718772305,-0.03640256959314775,-0.007137758743754461,-0.02926481084939329,0.46239878462293516,18029.134632573474,1
2022-06-15,1401-03-25,13680.0,13950.0,13260.0,13680.0,13660.0,1188435.0,سکرما,13800.0,0.010869565217391304,-0.0391304347826087,-0.008695652173913044,-0.008695652173913044,0.42400204156060733,17582.681265787727,1
2022-06-18,1401-03-28,13710.0,13710.0,13100.0,13450.0,13570.0,620404.0,سکرما,13660.0,0.0036603221083455345,-0.040995607613469986,0.0036603221083455345,-0.015373352855051245,-0.1258804805863553,17387.666854448667,0
2022-06-19,1401-03-29,13470.0,13800.0,13200.0,13580.0,13620.0,1424690.0,سکرما,13570.0,0.01694915254237288,-0.027266028002947678,-0.007369196757553427,0.0007369196757553427,0.6527087411418462,17798.813831850595,0
2022-06-20,1401-03-30,13770.0,14240.0,13510.0,14130.0,13910.0,2686601.0,سکرما,13620.0,0.04552129221732746,-0.008076358296622614,0.011013215859030838,0.037444933920704845,1.8743019348319718,17983.10005862785,0
2022-06-21,1401-03-31,14150.0,14150.0,13400.0,13700.0,13840.0,300007.0,سکرما,13910.0,0.017253774263120056,-0.03666427030913012,0.017253774263120056,-0.01509705248023005,-0.4360408599464965,17652.565714987315,0
2022-06-22,1401-04-01,13700.0,13700.0,13240.0,13270.0,13510.0,807874.0,سکرما,13840.0,-0.010115606936416185,-0.04335260115606936,-0.010115606936416185,-0.041184971098265896,0.055599890074561266,17416.784047479283,0
2022-06-25,1401-04-04,13410.0,13720.0,13000.0,13030.0,13440.0,365636.0,سکرما,13510.0,0.015544041450777202,-0.03774981495188749,-0.007401924500370096,-0.03552923760177646,-0.3725086934873015,17447.054659660418,0
2022-06-26,1401-04-05,13350.0,13350.0,12900.0,12920.0,13360.0,232832.0,سکرما,13440.0,-0.006696428571428571,-0.04017857142857143,-0.006696428571428571,-0.03869047619047619,-0.5010696320121447,17372.170865578235,0
2022-06-27,1401-04-06,13250.0,13250.0,12560.0,12840.0,12980.0,748947.0,سکرما,13360.0,-0.008233532934131737,-0.059880239520958084,-0.008233532934131737,-0.038922155688622756,-0.0014444039561414001,17223.445654775143,0
2022-06-28,1401-04-07,12900.0,13120.0,12740.0,12890.0,12960.0,235834.0,سکرما,12980.0,0.01078582434514638,-0.01848998459167951,-0.0061633281972265025,-0.006933744221879815,-0.49816354531707846,17253.782361529262,1
2022-06-29,1401-04-08,12870.0,12970.0,12500.0,12790.0,12880.0,478519.0,سکرما,12960.0,0.0007716049382716049,-0.035493827160493825,-0.006944444444444444,-0.013117283950617283,-0.26323228296126405,17297.139661133235,1
2022-07-02,1401-04-11,12870.0,12870.0,12330.0,12450.0,12800.0,307488.0,سکرما,12880.0,-0.0007763975155279503,-0.042701863354037264,-0.0007763975155279503,-0.033385093167701864,-0.4287988764135882,17200.978689254578,1
2022-07-03,1401-04-12,12710.0,13490.0,12500.0,13120.0,12920.0,1609144.0,سکرما,12800.0,0.05390625,-0.0234375,-0.00703125,0.025,0.8312694724049213,17238.24631868519,1
2022-07-04,1401-04-13,13120.0,13290.0,12760.0,13160.0,12960.0,570511.0,سکرما,12920.0,0.02863777089783282,-0.01238390092879257,0.015479876160990712,0.018575851393188854,-0.17417940912630892,17493.151140254442,1
2022-07-05,1401-04-14,13180.0,13450.0,13050.0,13410.0,13380.0,12303906.0,سکرما,12960.0,0.03780864197530864,0.006944444444444444,0.016975308641975308,0.034722222222222224,11.184335946455624,17630.245264168374,1
2022-07-06,1401-04-15,13380.0,13500.0,12610.0,13500.0,13270.0,2134621.0,سکرما,13380.0,0.008968609865470852,-0.05754857997010463,0.0,0.008968609865470852,1.3399575864166908,17611.83994580441,1
2022-07-09,1401-04-18,13300.0,14060.0,13300.0,14050.0,13960.0,4901488.0,سکرما,13270.0,0.059532780708364735,0.002260738507912585,0.002260738507912585,0.0587792012057272,4.0184237342241165,17766.08303445565,1
2022-07-11,1401-04-20,14170.0,14500.0,13920.0,14170.0,14290.0,2018200.0,سکرما,13960.0,0.03868194842406877,-0.0028653295128939827,0.01504297994269341,0.01504297994269341,1.2272562142893395,18030.853228803513,1
2022-07-12,1401-04-21,14200.0,14400.0,13820.0,14290.0,14150.0,1342927.0,سکرما,14290.0,0.007697690692792162,-0.032890132960111965,-0.006298110566829951,0.0,0.5735580527845169,18050.523334448233,1
2022-07-13,1401-04-22,14300.0,14450.0,14250.0,14330.0,14360.0,1719688.0,سکرما,14150.0,0.02120141342756184,0.007067137809187279,0.01060070671378092,0.012720848056537103,0.9382816135173145,17947.125760600586,1
2022-07-16,1401-04-25,14330.0,14490.0,14250.0,14460.0,14360.0,888748.0,سکرما,14360.0,0.009052924791086351,-0.00766016713091922,-0.0020891364902506965,0.006963788300835654,0.13388998180567005,18085.998775498156,1
2022-07-17,1401-04-26,14270.0,14840.0,14270.0,14810.0,14730.0,1123222.0,سکرما,14360.0,0.033426183844011144,-0.006267409470752089,-0.006267409470752089,0.031337047353760444,0.36087258398387323,18313.294177098473,1
2022-07-19,1401-04-28,14730.0,15260.0,14660.0,14830.0,14880.0,1323043.0,سکرما,14730.0,0.03598099117447386,-0.0047522063815342835,0.0,0.006788866259334691,0.5543093426430453,18280.46844042283,1
2022-07-20,1401-04-29,14980.0,14980.0,14240.0,14700.0,14530.0,1079186.0,سکرما,14880.0,0.006720430107526882,-0.043010752688172046,0.006720430107526882,-0.012096774193548387,0.31824352545491325,18149.112182115514,0
2022-07-23,1401-05-01,14800.0,14980.0,14540.0,14560.0,14620.0,321199.0,سکرما,14530.0,0.030970406056434963,0.0006882312456985547,0.018582243633860976,0.0020646937370956643,-0.41552594014574895,18204.46635800197,0
2022-07-24,1401-05-02,14510.0,14930.0,14280.0,14910.0,14740.0,826501.0,سکرما,14620.0,0.021203830369357045,-0.023255813953488372,-0.007523939808481532,0.019835841313269494,0.07363176111686613,18258.361689123554,0
2022-07-25,1401-05-03,14630.0,14640.0,14200.0,14400.0,14610.0,418218.0,سکرما,14740.0,-0.0067842605156037995,-0.036635006784260515,-0.007462686567164179,-0.023066485753052916,-0.32160667796432546,18097.170746207983,0
2022-07-26,1401-05-04,14500.0,14550.0,14030.0,14070.0,14300.0,797498.0,سکرما,14610.0,-0.004106776180698152,-0.03969883641341547,-0.007529089664613279,-0.03696098562628337,0.04555540121779661,17951.98434399792,0
2022-07-27,1401-05-05,14240.0,14880.0,13940.0,14610.0,14330.0,719747.0,سکرما,14300.0,0.04055944055944056,-0.025174825174825177,-0.004195804195804196,0.021678321678321677,-0.029711469744260904,17994.562856289933,0
2022-07-30,1401-05-08,14570.0,14650.0,14000.0,14000.0,14180.0,883449.0,سکرما,14330.0,0.022330774598743892,-0.023028611304954642,0.01674808094905792,-0.023028611304954642,0.12876028380528495,17998.295007740453,1
2022-07-31,1401-05-09,14080.0,14080.0,13800.0,13940.0,14040.0,595874.0,سکرما,14180.0,-0.007052186177715092,-0.02679830747531735,-0.007052186177715092,-0.01692524682651622,-0.1496267519487721,17886.949681938062,1
2022-08-01,1401-05-10,14280.0,14700.0,13950.0,14530.0,14230.0,562469.0,سکرما,14040.0,0.04700854700854701,-0.00641025641025641,0.017094017094017096,0.0349002849002849,-0.18196446882042047,17941.386588696416,1
2022-08-02,1401-05-11,14530.0,14870.0,14380.0,14530.0,14470.0,657134.0,سکرما,14230.0,0.044975404075895994,0.010541110330288124,0.02108222066057625,0.02108222066057625,-0.09032399680561455,18202.318299275918,1
2022-08-03,1401-05-12,14720.0,15050.0,14530.0,14780.0,14720.0,803700.0,سکرما,14470.0,0.04008293020041465,0.00414651002073255,0.017277125086385625,0.021423635107118175,0.05155924854717733,18355.60662161421,1
2022-08-06,1401-05-15,14960.0,15450.0,14920.0,15160.0,15020.0,683974.0,سکرما,14720.0,0.049592391304347824,0.01358695652173913,0.016304347826086956,0.029891304347826088,-0.06434152948530196,18336.73717092477,1
2022-08-09,1401-05-18,15270.0,15320.0,15050.0,15140.0,15050.0,185392.0,سکرما,15020.0,0.019973368841544607,0.0019973368841544607,0.016644474034620507,0.007989347536617843,-0.5469939334158567,18370.964234740597,0
2022-08-10,1401-05-19,14950.0,15190.0,14850.0,14860.0,15040.0,160092.0,سکرما,15050.0,0.009302325581395349,-0.013289036544850499,-0.006644518272425249,-0.012624584717607974,-0.5714856034309054,18420.0746611095,1
2022-08-13,1401-05-22,14930.0,14930.0,14700.0,14860.0,14920.0,789999.0,سکرما,15040.0,-0.007313829787234043,-0.022606382978723406,-0.007313829787234043,-0.011968085106382979,0.03829599278132031,18268.68800230231,1
2022-08-14,1401-05-23,15100.0,15140.0,14300.0,14580.0,14740.0,701745.0,سکرما,14920.0,0.014745308310991957,-0.04155495978552279,0.012064343163538873,-0.022788203753351208,-0.04713830941267622,18071.52169123795,1
2022-08-15,1401-05-24,14630.0,14900.0,14450.0,14530.0,14720.0,451225.0,سکرما,14740.0,0.010854816824966078,-0.01967435549525102,-0.007462686567164179,-0.014246947082767978,-0.28965424507156995,18163.205915628492,0
2022-08-16,1401-05-25,14610.0,15300.0,14520.0,15140.0,14880.0,884456.0,سکرما,14720.0,0.03940217391304348,-0.01358695652173913,-0.007472826086956522,0.028532608695652172,0.12973511035489577,18449.843485925798,0
2022-08-17,1401-05-26,15020.0,15490.0,14880.0,15300.0,15250.0,1047571.0,سکرما,14880.0,0.04099462365591398,0.0,0.009408602150537635,0.028225806451612902,0.2876386184380846,18559.093049909505,1
2022-08-20,1401-05-29,15200.0,15500.0,14990.0,15440.0,15280.0,590254.0,سکرما,15250.0,0.01639344262295082,-0.017049180327868854,-0.003278688524590164,0.012459016393442624,-0.15506719406278688,18433.25849426796,1
2022-08-21,1401-05-30,15530.0,15530.0,14690.0,14690.0,15110.0,763871.0,سکرما,15280.0,0.016361256544502618,-0.03861256544502618,0.016361256544502618,-0.03861256544502618,0.01300277720214269,18303.528007241668,0
2022-08-22,1401-05-31,15000.0,15170.0,14670.0,14700.0,15030.0,497881.0,سکرما,15110.0,0.003970880211780278,-0.02911978821972204,-0.00727994705493051,-0.027134348113831898,-0.24448889502326507,18264.659047676698,0
2022-08-23,1401-06-01,14920.0,15240.0,14630.0,14990.0,14990.0,313276.0,سکرما,15030.0,0.013972055888223553,-0.02661343978709248,-0.007318695941450432,-0.0026613439787092482,-0.4231958018662719,18246.44797252044,0
2022-08-24,1401-06-02,14880.0,15160.0,14630.0,14690.0,14950.0,222996.0,سکرما,14990.0,0.01134089392928619,-0.02401601067378252,-0.00733822548365577,-0.0200133422281521,-0.5105913737618688,18223.36268094626,0
2022-08-27,1401-06-05,14840.0,14890.0,14510.0,14580.0,14870.0,259582.0,سکرما,14950.0,-0.004013377926421404,-0.0294314381270903,-0.007357859531772575,-0.024749163879598662,-0.47517428920967225,18203.716304928366,0
2022-08-28,1401-06-06,14760.0,14880.0,14420.0,14640.0,14850.0,109215.0,سکرما,14870.0,0.0006724949562878278,-0.03026227303295225,-0.007397444519166106,-0.01546738399462004,-0.6207370933659108,18178.05354346023,0
2022-08-29,1401-06-07,14890.0,14890.0,14420.0,14780.0,14840.0,85314.0,سکرما,14850.0,0.0026936026936026937,-0.028956228956228958,0.0026936026936026937,-0.0047138047138047135,-0.6438744611536451,18180.58197396732,0
2022-08-30,1401-06-08,14730.0,14950.0,14430.0,14650.0,14810.0,181082.0,سکرما,14840.0,0.007412398921832884,-0.027628032345013476,-0.007412398921832884,-0.012803234501347708,-0.551166229770199,18228.25970963947,0
2022-08-31,1401-06-09,14700.0,14860.0,14490.0,14660.0,14780.0,220814.0,سکرما,14810.0,0.00337609723160027,-0.02160702228224173,-0.007427413909520594,-0.01012829169480081,-0.512703659294392,18225.226785007864,0
2022-09-03,1401-06-12,14750.0,14750.0,14380.0,14630.0,14670.0,368957.0,سکرما,14780.0,-0.0020297699594046007,-0.02706359945872801,-0.0020297699594046007,-0.010148849797023005,-0.369293798779002,18120.52767550149,0
2022-09-04,1401-06-13,14560.0,14690.0,14210.0,14330.0,14630.0,261576.0,سکرما,14670.0,0.0013633265167007499,-0.03135650988411725,-0.007498295841854124,-0.023176550783912748,-0.473243997114415,18046.39993731054,0
2022-09-05,1401-06-14,14520.0,14650.0,14240.0,14500.0,14590.0,288910.0,سکرما,14630.0,0.001367053998632946,-0.026657552973342446,-0.007518796992481203,-0.00888585099111415,-0.4467833129961801,18099.64085451417,0
2022-09-06,1401-06-15,14810.0,14810.0,14400.0,14540.0,14580.0,175820.0,سکرما,14590.0,0.015078821110349555,-0.013022618231665525,0.015078821110349555,-0.003427004797806717,-0.5562601099132498,18156.02179945439,0
2022-09-07,1401-06-16,14360.0,14530.0,14320.0,14500.0,14540.0,212645.0,سکرما,14580.0,-0.003429355281207133,-0.01783264746227709,-0.015089163237311385,-0.0054869684499314125,-0.5206116613636779,18096.57676212134,1
2022-09-10,1401-06-19,14440.0,14440.0,14230.0,14350.0,14510.0,119398.0,سکرما,14540.0,-0.0068775790921595595,-0.021320495185694635,-0.0068775790921595595,-0.013067400275103164,-0.6108794381974032,18020.583341146987,0
2022-09-11,1401-06-20,14400.0,14540.0,14210.0,14380.0,14500.0,70617.0,سکرما,14510.0,0.002067539627842867,-0.02067539627842867,-0.007580978635423846,-0.00895933838731909,-0.6581018949169326,18053.751672567883,0
2022-09-12,1401-06-21,14400.0,14750.0,14240.0,14490.0,14530.0,763394.0,سکرما,14500.0,0.017241379310344827,-0.01793103448275862,-0.006896551724137931,-0.000689655172413793,0.01254101725759019,18134.731895169218,0
2022-09-13,1401-06-22,14420.0,14630.0,14330.0,14580.0,14500.0,1512291.0,سکرما,14530.0,0.006882312456985547,-0.013764624913971095,-0.007570543702684102,0.0034411562284927736,0.7375109065564028,18137.684851694965,0
2022-09-14,1401-06-23,14400.0,14570.0,14100.0,14460.0,14440.0,269939.0,سکرما,14500.0,0.004827586206896552,-0.027586206896551724,-0.006896551724137931,-0.002758620689655172,-0.4651481933066738,18048.49578061401,0
2022-09-18,1401-06-27,14340.0,14340.0,14000.0,14060.0,14420.0,55390.0,سکرما,14440.0,-0.006925207756232687,-0.030470914127423823,-0.006925207756232687,-0.02631578947368421,-0.6728423952852783,17929.403747378437,0
2022-09-19,1401-06-28,14320.0,14320.0,13870.0,13880.0,14380.0,96846.0,سکرما,14420.0,-0.006934812760055479,-0.03814147018030513,-0.006934812760055479,-0.03744798890429958,-0.6327109062677344,17832.123596120713,0
2022-09-20,1401-06-29,14220.0,14220.0,13640.0,13960.0,13920.0,1452358.0,سکرما,14380.0,-0.011126564673157162,-0.05146036161335188,-0.011126564673157162,-0.02920723226703755,0.6794927540262876,17782.429466863472,0
2022-09-21,1401-06-30,14060.0,14060.0,13570.0,13870.0,13880.0,269614.0,سکرما,13920.0,0.010057471264367816,-0.02514367816091954,0.010057471264367816,-0.0035919540229885057,-0.4654628096210964,17774.65501557318,0
2022-09-24,1401-07-02,13780.0,13850.0,13670.0,13670.0,13810.0,1432637.0,سکرما,13880.0,-0.002161383285302594,-0.015129682997118156,-0.007204610951008645,-0.015129682997118156,0.6604018360671264,17792.860458652212,0
2022-09-26,1401-07-04,14050.0,14520.0,14030.0,14090.0,14040.0,646893.0,سکرما,13810.0,0.05141202027516292,0.015930485155684286,0.017378711078928313,0.020275162925416364,-0.10023779888561905,17846.276151636404,1
2022-09-28,1401-07-06,14850.0,14850.0,13900.0,14180.0,14110.0,468373.0,سکرما,14040.0,0.057692307692307696,-0.009971509971509971,0.057692307692307696,0.009971509971509971,-0.2730541202724373,17913.745383097103,1
2022-10-01,1401-07-09,14010.0,14010.0,13870.0,14000.0,14060.0,285810.0,سکرما,14110.0,-0.007087172218284904,-0.01700921332388377,-0.007087172218284904,-0.007795889440113395,-0.4497842686106723,17907.16367381913,1
2022-10-02,1401-07-10,13960.0,14240.0,13830.0,13840.0,14010.0,254814.0,سکرما,14060.0,0.012802275960170697,-0.016358463726884778,-0.007112375533428165,-0.015647226173541962,-0.4797899525548008,17815.099973310473,1
2022-10-03,1401-07-11,13840.0,14190.0,13800.0,14000.0,13960.0,276856.0,سکرما,14010.0,0.01284796573875803,-0.014989293361884369,-0.012134189864382585,-0.0007137758743754461,-0.4584521900855634,17779.180208115882,0
2022-10-04,1401-07-12,13860.0,13990.0,13790.0,13960.0,13940.0,153360.0,سکرما,13960.0,0.002148997134670487,-0.012177650429799427,-0.0071633237822349575,0.0,-0.5780025173653445,17872.41260093648,1
2022-10-08,1401-07-16,13850.0,14150.0,13750.0,14130.0,13860.0,688956.0,سکرما,13940.0,0.015064562410329985,-0.013629842180774749,-0.006456241032998565,0.013629842180774749,-0.05951870339775363,17956.405456452278,1
2022-10-09,1401-07-17,13830.0,14300.0,13790.0,14210.0,13970.0,563600.0,سکرما,13860.0,0.031746031746031744,-0.005050505050505051,-0.0021645021645021645,0.025252525252525252,-0.18086960404622993,17926.691367565232,0
2022-10-10,1401-07-18,14210.0,14310.0,13990.0,14000.0,14020.0,213978.0,سکرما,13970.0,0.024337866857551897,0.0014316392269148174,0.01717967072297781,0.0021474588403722263,-0.5193212504494462,17891.038073819298,1
2022-10-11,1401-07-19,13990.0,14250.0,13930.0,14250.0,14050.0,362590.0,سکرما,14020.0,0.016405135520684736,-0.006419400855920114,-0.0021398002853067048,0.016405135520684736,-0.37545737439108956,17930.843039265907,0
2022-10-12,1401-07-20,13950.0,14280.0,13950.0,14030.0,14050.0,68160.0,سکرما,14050.0,0.016370106761565837,-0.0071174377224199285,-0.0071174377224199285,-0.0014234875444839859,-0.6604803942539671,17937.57092177937,0
2022-10-15,1401-07-23,14240.0,14240.0,14000.0,14000.0,14050.0,23025.0,سکرما,14050.0,0.013523131672597865,-0.0035587188612099642,0.013523131672597865,-0.0035587188612099642,-0.7041733399507745,17855.752270586043,1
2022-10-16,1401-07-24,13970.0,14240.0,13950.0,14030.0,14020.0,590427.0,سکرما,14050.0,0.013523131672597865,-0.0071174377224199285,-0.0056939501779359435,-0.0014234875444839859,-0.15489972137849425,17817.317322812225,1
2022-10-17,1401-07-25,14000.0,14120.0,13880.0,14000.0,13940.0,1265715.0,سکرما,14020.0,0.007132667617689016,-0.009985734664764621,-0.0014265335235378032,-0.0014265335235378032,0.4988129608793017,17894.371597069567,1
2022-10-18,1401-07-26,14000.0,14170.0,13620.0,14170.0,13870.0,1898264.0,سکرما,13940.0,0.01649928263988522,-0.02295552367288379,0.00430416068866571,0.01649928263988522,1.1111521457152334,17989.8830246647,1
2022-10-19,1401-07-27,13860.0,14600.0,13810.0,14500.0,14250.0,1252701.0,سکرما,13870.0,0.05263157894736842,-0.004325883201153569,-0.0007209805335255948,0.04542177361211247,0.48621475559962407,18046.442034811556,0
2022-10-22,1401-07-30,14500.0,14590.0,14250.0,14440.0,14270.0,300842.0,سکرما,14250.0,0.023859649122807018,0.0,0.017543859649122806,0.013333333333333334,-0.43523253803098005,18084.025818530557,0
2022-10-23,1401-08-01,14170.0,14300.0,14160.0,14300.0,14220.0,667206.0,سکرما,14270.0,0.002102312543798178,-0.007708479327259986,-0.00700770847932726,0.002102312543798178,-0.08057379520910976,18042.659101249315,1
2022-10-24,1401-08-02,14120.0,14180.0,14030.0,14030.0,14200.0,144632.0,سکرما,14220.0,-0.0028129395218002813,-0.013361462728551337,-0.007032348804500703,-0.013361462728551337,-0.5864516594954372,17888.778617575732,0
2022-10-25,1401-08-03,14100.0,14200.0,13980.0,13990.0,14170.0,188769.0,سکرما,14200.0,0.0,-0.015492957746478873,-0.007042253521126761,-0.014788732394366197,-0.5437248278964567,17791.2763268928,0
2022-10-26,1401-08-04,14070.0,14180.0,13960.0,13970.0,14140.0,164710.0,سکرما,14170.0,0.0007057163020465773,-0.014820042342978124,-0.007057163020465773,-0.014114326040931546,-0.5670151476155103,17879.21868785285,0
2022-10-29,1401-08-07,14280.0,14300.0,13530.0,14180.0,14180.0,2391891.0,سکرما,14140.0,0.011315417256011316,-0.04314002828854314,0.009900990099009901,0.002828854314002829,1.5890078609135918,17982.63596952329,1
2022-10-30,1401-08-08,14180.0,14250.0,13990.0,14200.0,14160.0,1914888.0,سکرما,14180.0,0.004936530324400564,-0.013399153737658674,0.0,0.0014104372355430183,1.1272450122104969,17929.85956792539,1
2022-10-31,1401-08-09,14120.0,14190.0,14000.0,14130.0,14150.0,1430224.0,سکرما,14160.0,0.00211864406779661,-0.011299435028248588,-0.002824858757062147,-0.00211864406779661,0.6580659309388137,17878.54863929114,1
2022-11-01,1401-08-10,14150.0,14310.0,13900.0,14150.0,14140.0,613453.0,سکرما,14150.0,0.011307420494699646,-0.0176678445229682,0.0,0.0,-0.13260939751420522,18033.89362756998,1
2022-11-02,1401-08-11,13850.0,15050.0,13850.0,14990.0,14480.0,673168.0,سکرما,14140.0,0.06435643564356436,-0.02050919377652051,-0.02050919377652051,0.060113154172560114,-0.07480227992730262,18302.6486209945,1
2022-11-05,1401-08-14,14750.0,15480.0,14700.0,15440.0,15370.0,1051330.0,سکرما,14480.0,0.06906077348066299,0.015193370165745856,0.018646408839779006,0.06629834254143646,0.2912775191332058,18521.818005050445,1
2022-11-06,1401-08-15,15840.0,15940.0,15440.0,15440.0,15590.0,502377.0,سکرما,15370.0,0.03708523096942095,0.004554326610279766,0.03057905009759271,0.004554326610279766,-0.24013654133205323,18731.21512021964,1
2022-11-07,1401-08-16,15400.0,16600.0,15400.0,16530.0,16170.0,1745948.0,سکرما,15590.0,0.06478511866581142,-0.012187299550994226,-0.012187299550994226,0.06029506093649775,0.9637026117226576,18954.256613636175,1
2022-11-08,1401-08-17,16000.0,16520.0,15890.0,16100.0,16120.0,400771.0,سکرما,16170.0,0.021645021645021644,-0.017316017316017316,-0.010513296227581941,-0.004329004329004329,-0.33849624977272685,19027.069542729016,1
2022-11-09,1401-08-18,15500.0,16350.0,15500.0,16100.0,16090.0,390084.0,سکرما,16120.0,0.014267990074441687,-0.038461538461538464,-0.038461538461538464,-0.0012406947890818859,-0.348841802241139,18879.859107011805,1
2022-11-12,1401-08-21,16100.0,16120.0,15690.0,15720.0,16060.0,114332.0,سکرما,16090.0,0.0018645121193287756,-0.024860161591050343,0.0006215040397762585,-0.022995649471721565,-0.6157835805016023,18696.318262538174,0
2022-11-13,1401-08-22,15050.0,16050.0,15050.0,15530.0,16000.0,180558.0,سکرما,16060.0,-0.0006226650062266501,-0.06288916562889166,-0.06288916562889166,-0.03300124533001245,-0.5516734880740679,18637.923414589717,0
2022-11-14,1401-08-23,15520.0,16000.0,15110.0,15580.0,15840.0,516800.0,سکرما,16000.0,0.0,-0.055625,-0.03,-0.02625,-0.226174353323079,18676.578925434304,0
2022-11-15,1401-08-24,15130.0,15980.0,15130.0,15840.0,15820.0,162596.0,سکرما,15840.0,0.008838383838383838,-0.04482323232323232,-0.04482323232323232,0.0,-0.5690616057345543,18749.16553870209,0
2022-11-16,1401-08-25,15400.0,15980.0,15310.0,15890.0,15790.0,92611.0,سکرما,15820.0,0.010113780025284451,-0.032237673830594185,-0.02654867256637168,0.004424778761061947,-0.6368105988572099,18808.128912681263,0
2022-11-19,1401-08-28,15870.0,16270.0,15560.0,15780.0,15800.0,157603.0,سکرما,15790.0,0.030398986700443317,-0.014566181127295756,0.00506649778340722,-0.0006333122229259025,-0.5738950803742832,18752.845097146426,0
2022-11-20,1401-08-29,16000.0,16000.0,15350.0,15370.0,15650.0,479413.0,سکرما,15800.0,0.012658227848101266,-0.028481012658227847,0.012658227848101266,-0.02721518987341772,-0.2623668460840524,18570.555885427075,0
2022-11-21,1401-08-30,15390.0,15650.0,15120.0,15220.0,15630.0,85794.0,سکرما,15650.0,0.0,-0.03386581469648562,-0.016613418530351438,-0.027476038338658148,-0.643409797058498,18442.244158248846,0
2022-11-22,1401-09-01,15250.0,15560.0,15250.0,15280.0,15610.0,54356.0,سکرما,15630.0,-0.004478566858605247,-0.02431222008957134,-0.02431222008957134,-0.022392834293026232,-0.6738433591902412,18482.190138122827,0
2022-11-23,1401-09-02,15060.0,15440.0,15060.0,15290.0,15500.0,263403.0,سکرما,15610.0,-0.010890454836643177,-0.035233824471492634,-0.035233824471492634,-0.020499679692504803,-0.4714753694022611,18549.5311719296,0
2022-11-26,1401-09-05,14980.0,15290.0,14720.0,15290.0,15310.0,388710.0,سکرما,15500.0,-0.013548387096774193,-0.05032258064516129,-0.03354838709677419,-0.013548387096774193,-0.3501719032134977,18510.144695326377,0
2022-11-27,1401-09-06,14850.0,15300.0,14850.0,15300.0,15290.0,127027.0,سکرما,15310.0,-0.0006531678641410843,-0.030045721750489876,-0.030045721750489876,-0.0006531678641410843,-0.6034941832351579,18443.37297400402,0
2022-11-28,1401-09-07,15280.0,15480.0,14890.0,15040.0,15240.0,468121.0,سکرما,15290.0,0.012426422498364944,-0.026160889470241987,-0.0006540222367560497,-0.016350555918901243,-0.2732980689223896,18426.328326458897,0
2022-11-29,1401-09-08,15010.0,15240.0,14960.0,15000.0,15100.0,782747.0,سکرما,15240.0,0.0,-0.01837270341207349,-0.015091863517060367,-0.015748031496062992,0.03127569274380514,18390.66788851656,0
2022-11-30,1401-09-09,14880.0,15470.0,14880.0,15000.0,15140.0,2273497.0,سکرما,15100.0,0.024503311258278145,-0.01456953642384106,-0.01456953642384106,-0.006622516556291391,1.474396525745146,18316.273372811425,0
2022-12-03,1401-09-12,15140.0,15300.0,14400.0,14910.0,15050.0,378296.0,سکرما,15140.0,0.010568031704095112,-0.0488771466314399,0.0,-0.015191545574636724,-0.3602531779777949,18284.99362536704,0
2022-12-04,1401-09-13,14990.0,14990.0,14620.0,14690.0,14950.0,268731.0,سکرما,15050.0,-0.003986710963455149,-0.02857142857142857,-0.003986710963455149,-0.023920265780730896,-0.46631759794612754,18284.8650277649,0
2022-12-05,1401-09-14,14530.0,14940.0,14530.0,14810.0,14880.0,336851.0,سکرما,14950.0,-0.0006688963210702341,-0.028093645484949834,-0.028093645484949834,-0.009364548494983277,-0.40037401844315834,18234.448794301552,0
2022-12-06,1401-09-15,14810.0,14930.0,14560.0,14690.0,14820.0,271078.0,سکرما,14880.0,0.003360215053763441,-0.021505376344086023,-0.004704301075268817,-0.012768817204301076,-0.4640455841308975,18172.98828824635,0
2022-12-07,1401-09-16,14960.0,14960.0,14250.0,14600.0,14750.0,258448.0,سکرما,14820.0,0.009446693657219974,-0.038461538461538464,0.009446693657219974,-0.014844804318488529,-0.4762720581344574,18163.075074063898,0
2022-12-10,1401-09-19,14350.0,14760.0,14350.0,14380.0,14710.0,178618.0,سکرما,14750.0,0.0006779661016949153,-0.02711864406779661,-0.02711864406779661,-0.025084745762711864,-0.5535515054586211,18126.077155986437,1
2022-12-11,1401-09-20,14780.0,14780.0,14300.0,14490.0,14650.0,195268.0,سکرما,14710.0,0.004758667573079538,-0.02787219578518015,0.004758667573079538,-0.01495581237253569,-0.5374334696582036,18030.340265030358,1
2022-12-12,1401-09-21,14750.0,14750.0,14290.0,14400.0,14440.0,1466138.0,سکرما,14650.0,0.006825938566552901,-0.024573378839590442,0.006825938566552901,-0.017064846416382253,0.6928324857578043,18037.053079806727,1
2022-12-13,1401-09-22,14690.0,14840.0,14280.0,14490.0,14410.0,3012882.0,سکرما,14440.0,0.027700831024930747,-0.0110803324099723,0.01731301939058172,0.0034626038781163434,2.1901583215584584,18211.6847264092,1
2022-12-14,1401-09-23,14320.0,15340.0,14320.0,15200.0,14860.0,1976842.0,سکرما,14410.0,0.06453851492019431,-0.006245662734212352,-0.006245662734212352,0.054823039555863984,1.1872195941912216,18356.28275768048,1
2022-12-17,1401-09-26,15200.0,15200.0,14800.0,14840.0,14930.0,2241895.0,سکرما,14860.0,0.02288021534320323,-0.004037685060565276,0.02288021534320323,-0.0013458950201884253,1.443804203380894,18344.853396987284,1
2022-12-18,1401-09-27,14900.0,15190.0,14780.0,14990.0,14880.0,4182389.0,سکرما,14930.0,0.017414601473543203,-0.010046885465505693,-0.0020093770931011385,0.004018754186202277,3.322299804731961,18312.393610071955,1
2022-12-19,1401-09-28,14990.0,15150.0,14810.0,14950.0,14960.0,817354.0,سکرما,14880.0,0.018145161290322582,-0.004704301075268817,0.00739247311827957,0.004704301075268817,0.06477700595371787,18353.077714875777,1
2022-12-20,1401-09-29,14950.0,15040.0,14850.0,15040.0,14960.0,818731.0,سکرما,14960.0,0.0053475935828877,-0.007352941176470588,-0.0006684491978609625,0.0053475935828877,0.06611001107667132,18401.50280364514,1
2022-12-21,1401-09-30,15020.0,15330.0,14900.0,15330.0,15070.0,967992.0,سکرما,14960.0,0.024732620320855617,-0.004010695187165776,0.004010695187165776,0.024732620320855617,0.2106021517136749,18514.887334966017,1
2022-12-24,1401-10-03,15420.0,16120.0,15150.0,16120.0,16040.0,5375789.0,سکرما,15070.0,0.0696748506967485,0.0053085600530856005,0.023224950232249502,0.0696748506967485,4.477570911291612,18843.640938253426,1
2022-12-25,1401-10-04,16150.0,16910.0,16150.0,16520.0,16660.0,2859648.0,سکرما,16040.0,0.05423940149625935,0.00685785536159601,0.00685785536159601,0.029925187032418952,2.0418201174839137,19248.264363397688,1
2022-12-26,1401-10-05,16980.0,17420.0,16660.0,17110.0,17110.0,3975647.0,سکرما,16660.0,0.04561824729891957,0.0,0.01920768307322929,0.02701080432172869,3.122163170650886,19386.47840471689,1
2022-12-28,1401-10-07,17220.0,17970.0,16600.0,17000.0,17130.0,6435504.0,سکرما,17110.0,0.05026300409117475,-0.029807130333138514,0.006428988895382817,-0.006428988895382817,5.503428227101786,19218.076959975377,1
2022-12-31,1401-10-10,16060.0,16900.0,15940.0,15940.0,16130.0,2339893.0,سکرما,17130.0,-0.013426736719206071,-0.0694687682428488,-0.06246351430239346,-0.0694687682428488,1.538671186706378,19017.02884190117,0
2023-01-01,1401-10-11,15600.0,16490.0,15200.0,16270.0,16110.0,1669016.0,سکرما,16130.0,0.022318660880347178,-0.05765654060756355,-0.0328580285182889,0.008679479231246125,0.889228573872945,18929.869295523702,0
2023-01-02,1401-10-12,16270.0,17220.0,16180.0,16190.0,16320.0,3234256.0,سکرما,16110.0,0.06890130353817504,0.004345127250155183,0.009931719428926133,0.004965859714463066,2.404459466139937,18912.806158043386,1
2023-01-03,1401-10-13,16200.0,16470.0,16000.0,16230.0,16180.0,1357287.0,سکرما,16320.0,0.009191176470588236,-0.0196078431372549,-0.007352941176470588,-0.0055147058823529415,0.587459253631003,18982.030384501228,1
2023-01-04,1401-10-14,16460.0,16480.0,15670.0,16450.0,16190.0,476520.0,سکرما,16180.0,0.018541409147095178,-0.0315203955500618,0.0173053152039555,0.01668726823238566,-0.26516741530751237,19147.905330389505,1
2023-01-07,1401-10-17,17220.0,17220.0,16500.0,16830.0,16500.0,504117.0,سکرما,16190.0,0.06361951822112415,0.019147621988882025,0.06361951822112415,0.03953057442865967,-0.23845213398714474,19268.348719857084,1
2023-01-08,1401-10-18,17160.0,17180.0,16560.0,17060.0,16960.0,2023320.0,سکرما,16500.0,0.041212121212121214,0.0036363636363636364,0.04,0.03393939393939394,1.2322126313042427,19282.349910357134,1
2023-01-09,1401-10-19,17190.0,17190.0,16400.0,16830.0,16860.0,632581.0,سکرما,16960.0,0.013561320754716982,-0.0330188679245283,0.013561320754716982,-0.0076650943396226415,-0.1140925333225905,19352.62830365191,1
2023-01-10,1401-10-20,17000.0,17210.0,16830.0,17120.0,17040.0,1305573.0,سکرما,16860.0,0.020759193357058125,-0.0017793594306049821,0.00830367734282325,0.01542111506524318,0.5373975056800848,19532.3186530223,1
2023-01-11,1401-10-21,16900.0,18210.0,16900.0,17970.0,17740.0,1237083.0,سکرما,17040.0,0.06866197183098592,-0.008215962441314555,-0.008215962441314555,0.05457746478873239,0.47109574760377304,19618.81948369479,1
2023-01-14,1401-10-24,17510.0,18000.0,16600.0,17160.0,17440.0,612354.0,سکرما,17740.0,0.014656144306651634,-0.06426155580608793,-0.012965050732807215,-0.03269447576099211,-0.1336732846820526,19547.851874469925,1
2023-01-15,1401-10-24,17510.0,18000.0,16600.0,17160.0,17440.0,612354.0,سکرما,17440.0,0.03211009174311927,-0.0481651376146789,0.0040137614678899085,-0.016055045871559634,-0.1336732846820526,19543.272939784743,1
2023-01-16,1401-10-26,17020.0,18020.0,17020.0,18010.0,17870.0,704779.0,سکرما,17440.0,0.033256880733944956,-0.02408256880733945,-0.02408256880733945,0.03268348623853211,-0.044201245111266815,19694.953058354444,1
2023-01-17,1401-10-27,18220.0,18220.0,17610.0,17720.0,17840.0,288148.0,سکرما,17870.0,0.019585898153329603,-0.014549524342473419,0.019585898153329603,-0.008393956351426972,-0.4475209672472263,19801.50907879774,1
2023-01-18,1401-10-28,16950.0,17840.0,16930.0,17840.0,17740.0,405058.0,سکرما,17840.0,0.0,-0.05100896860986547,-0.04988789237668161,0.0,-0.3343462185729437,19771.12364587165,1
2023-01-21,1401-11-01,17330.0,18430.0,17330.0,17750.0,17710.0,250148.0,سکرما,17740.0,0.03889515219842165,-0.023111612175873732,-0.023111612175873732,0.0005636978579481398,-0.48430687477971057,19761.451083637035,0
2023-01-22,1401-11-02,17710.0,18020.0,17400.0,18000.0,17730.0,457934.0,سکرما,17710.0,0.017504234895539244,-0.017504234895539244,0.0,0.01637492941840768,-0.2831595962916901,19830.80712299314,1
2023-01-23,1401-11-03,18200.0,18200.0,17710.0,18050.0,17930.0,641668.0,سکرما,17730.0,0.026508742244782856,-0.0011280315848843769,0.026508742244782856,0.01804850535815003,-0.10529586117133564,19847.451516011413,0
2023-01-24,1401-11-04,17610.0,17900.0,17530.0,17700.0,17880.0,152901.0,سکرما,17930.0,-0.0016731734523145567,-0.022308979364194088,-0.01784718349135527,-0.012827663134411601,-0.578446852406329,19776.59880253357,0
2023-01-25,1401-11-05,18170.0,18170.0,17430.0,17620.0,17850.0,120648.0,سکرما,17880.0,0.01621923937360179,-0.025167785234899327,0.01621923937360179,-0.0145413870246085,-0.6096693754496241,19701.459245914433,0
2023-01-28,1401-11-08,17450.0,17850.0,17410.0,17790.0,17660.0,527922.0,سکرما,17850.0,0.0,-0.02464985994397759,-0.022408963585434174,-0.0033613445378151263,-0.21540769901843979,19609.719946918853,0
2023-01-29,1401-11-09,17410.0,17970.0,16500.0,17000.0,17370.0,332240.0,سکرما,17660.0,0.017553793884484713,-0.06568516421291053,-0.014156285390713477,-0.03737259343148358,-0.40483769790716584,19478.176951585487,0
2023-01-30,1401-11-10,17000.0,17930.0,16810.0,17120.0,17250.0,448422.0,سکرما,17370.0,0.03223949337938975,-0.03223949337938975,-0.021301093839953943,-0.014392630972941854,-0.2923676897771898,19431.764446972447,0
2023-01-31,1401-11-11,16650.0,17900.0,16650.0,17440.0,17460.0,468936.0,سکرما,17250.0,0.03768115942028986,-0.034782608695652174,-0.034782608695652174,0.011014492753623189,-0.2725091080108376,19524.741440380152,0
2023-02-01,1401-11-12,17310.0,17920.0,17110.0,17500.0,17440.0,128493.0,سکرما,17460.0,0.026345933562428408,-0.02004581901489118,-0.00859106529209622,0.002290950744558992,-0.6020750216445625,19571.41001688478,0
2023-02-05,1401-11-16,17070.0,17760.0,16850.0,16960.0,17410.0,102896.0,سکرما,17440.0,0.01834862385321101,-0.0338302752293578,-0.02121559633027523,-0.027522935779816515,-0.6268542025684836,19457.14789494008,0
2023-02-06,1401-11-17,16300.0,17400.0,16300.0,17100.0,17340.0,202729.0,سکرما,17410.0,-0.0005743825387708214,-0.06375646180356118,-0.06375646180356118,-0.017805858701895463,-0.5302108471292598,19349.926637821955,0
2023-02-07,1401-11-18,16630.0,17580.0,16630.0,17100.0,17310.0,195332.0,سکرما,17340.0,0.01384083044982699,-0.040945790080738176,-0.040945790080738176,-0.01384083044982699,-0.5373715144455173,19370.88260006369,0
2023-02-08,1401-11-19,16670.0,17200.0,16670.0,16940.0,17150.0,400385.0,سکرما,17310.0,-0.006354708261120739,-0.03697284806470248,-0.03697284806470248,-0.021374927787406125,-0.33886991714924103,19370.502701030367,0
2023-02-12,1401-11-23,16750.0,17150.0,16230.0,16700.0,16990.0,386148.0,سکرما,17150.0,0.0,-0.053644314868804666,-0.023323615160349854,-0.026239067055393587,-0.35265204782134574,19240.44051727262,0
2023-02-13,1401-11-24,16330.0,17300.0,16330.0,16600.0,16940.0,187667.0,سکرما,16990.0,0.018246027074749854,-0.03884638022366098,-0.03884638022366098,-0.022954679223072396,-0.5447916192148987,19114.910169278326,1
2023-02-14,1401-11-25,16610.0,16880.0,16460.0,16460.0,16860.0,210017.0,سکرما,16940.0,-0.0035419126328217238,-0.02833530106257379,-0.01948051948051948,-0.02833530106257379,-0.5231556972846086,19094.30228342704,1
2023-02-15,1401-11-26,16370.0,16820.0,16370.0,16540.0,16800.0,183436.0,سکرما,16860.0,-0.002372479240806643,-0.029062870699881376,-0.029062870699881376,-0.018979833926453145,-0.5488874396035814,19106.052997870564,1
2023-02-19,1401-11-30,16500.0,16850.0,16310.0,16350.0,16650.0,378297.0,سکرما,16800.0,0.002976190476190476,-0.029166666666666667,-0.017857142857142856,-0.026785714285714284,-0.36025220992759666,19151.233766673482,1
2023-02-20,1401-12-01,16890.0,17240.0,16550.0,17210.0,16960.0,1273228.0,سکرما,16650.0,0.03543543543543543,-0.006006006006006006,0.014414414414414415,0.033633633633633635,0.5060859220185532,19338.68438205868,1
2023-02-21,1401-12-02,17400.0,17660.0,17160.0,17540.0,17070.0,183598.0,سکرما,16960.0,0.041273584905660375,0.01179245283018868,0.025943396226415096,0.03419811320754717,-0.5487306154714692,19608.76774873693,1
2023-02-22,1401-12-03,17600.0,17850.0,17230.0,17500.0,17130.0,141035.0,سکرما,17070.0,0.04569420035149385,0.009373169302870533,0.031048623315758642,0.025190392501464556,-0.5899337360584462,19780.38895642205,1
2023-02-25,1401-12-06,17600.0,18320.0,17600.0,18320.0,18270.0,1431359.0,سکرما,17130.0,0.0694687682428488,0.027437244600116754,0.027437244600116754,0.0694687682428488,0.6591646679137971,19898.94828106348,1
2023-02-26,1401-12-07,18310.0,19530.0,18010.0,18800.0,18970.0,981231.0,سکرما,18270.0,0.06896551724137931,-0.014230979748221127,0.0021893814997263274,0.029009304871373837,0.2234181682879528,20174.033843258363,1
2023-02-27,1401-12-08,19030.0,19310.0,18440.0,18950.0,18950.0,760683.0,سکرما,18970.0,0.017923036373220874,-0.0279388508170796,0.0031628887717448603,-0.0010542962572482868,0.009916633170206903,20565.12919949268,1
2023-02-28,1401-12-09,18800.0,20270.0,18800.0,20270.0,20030.0,1731011.0,سکرما,18950.0,0.06965699208443271,-0.0079155672823219,-0.0079155672823219,0.06965699208443271,0.9492428459117966,20795.997175211993,1
2023-03-01,1401-12-10,20030.0,21290.0,19690.0,19690.0,20150.0,410724.0,سکرما,20030.0,0.06290564153769346,-0.016974538192710935,0.0,-0.016974538192710935,-0.32886124614981066,20804.74406847676,1
2023-03-04,1401-12-13,20000.0,20460.0,19690.0,20090.0,20020.0,632370.0,سکرما,20150.0,0.015384615384615385,-0.0228287841191067,-0.007444168734491315,-0.002977667493796526,-0.11429679191441562,20851.967562651676,1
2023-03-05,1401-12-14,21000.0,21000.0,20110.0,20470.0,20120.0,303917.0,سکرما,20020.0,0.04895104895104895,0.004495504495504496,0.04895104895104895,0.022477522477522476,-0.4322557836714435,21141.44293071058,1
2023-03-06,1401-12-15,20560.0,21520.0,20200.0,21520.0,21460.0,4520750.0,سکرما,20120.0,0.06958250497017893,0.003976143141153081,0.02186878727634195,0.06958250497017893,3.649850237852985,21592.398005966053,1
2023-03-07,1401-12-16,22880.0,22880.0,21100.0,22240.0,21830.0,1022353.0,سکرما,21460.0,0.06616961789375582,-0.016775396085740912,0.06616961789375582,0.036346691519105315,0.2632263285392901,22016.014335519107,1
2023-03-11,1401-12-20,22510.0,23290.0,22050.0,23090.0,22460.0,489701.0,سکرما,21830.0,0.0668804397617957,0.010077874484654145,0.031149793861658268,0.05771873568483738,-0.2524075456447314,22302.91429463878,1
2023-03-12,1401-12-21,23870.0,23870.0,21600.0,22830.0,22980.0,978799.0,سکرما,22460.0,0.06277827248441674,-0.03829029385574354,0.06277827248441674,0.01647373107747106,0.22106387020587379,22401.35740432305,1
2023-03-13,1401-12-21,23870.0,23870.0,21600.0,22830.0,22980.0,978799.0,سکرما,22980.0,0.038729329852045254,-0.06005221932114883,0.038729329852045254,-0.006527415143603133,0.22106387020587379,22288.216525978896,1
2023-03-14,1401-12-21,23870.0,23870.0,21600.0,22830.0,22980.0,978799.0,سکرما,22980.0,0.038729329852045254,-0.06005221932114883,0.038729329852045254,-0.006527415143603133,0.22106387020587379,22043.276918902313,0
2023-03-15,1401-12-24,20500.0,21500.0,20500.0,21400.0,20740.0,353117.0,سکرما,22980.0,-0.06440382941688425,-0.10791993037423847,-0.10791993037423847,-0.06875543951261967,-0.3846277139188586,21854.236016137816,0
2023-03-18,1401-12-27,21450.0,22190.0,21450.0,22190.0,22160.0,2828901.0,سکرما,20740.0,0.0699132111861138,0.034233365477338476,0.034233365477338476,0.0699132111861138,2.012055478039143,21839.63748421435,0
2023-03-19,1401-12-28,22200.0,23000.0,21510.0,22260.0,22280.0,620004.0,سکرما,22160.0,0.03790613718411552,-0.029332129963898917,0.0018050541516245488,0.004512635379061372,-0.12626770066564458,21886.701865601874,0
2023-03-25,1402-01-05,22200.0,22210.0,21100.0,21600.0,21570.0,702078.0,سکرما,22280.0,-0.0031418312387791743,-0.05296229802513465,-0.003590664272890485,-0.03052064631956912,-0.04681594869666787,21796.605680204953,1
2023-03-26,1402-01-06,21700.0,23000.0,21020.0,21570.0,21870.0,1318030.0,سکرما,21570.0,0.06629578117756142,-0.025498377375985166,0.00602688919796013,0.0,0.5494565069993521,21633.922254820423,1
2023-03-27,1402-01-07,20800.0,22350.0,20800.0,21890.0,21690.0,584078.0,سکرما,21870.0,0.02194787379972565,-0.0489254686785551,-0.0489254686785551,0.0009144947416552355,-0.1610458720870138,21737.84812515841,1
2023-03-28,1402-01-08,21890.0,22790.0,21450.0,22700.0,22110.0,417270.0,سکرما,21690.0,0.05071461502996773,-0.011065006915629323,0.009220839096357769,0.04656523743660673,-0.3225243895522411,22228.056964548385,1
2023-03-29,1402-01-09,22140.0,23650.0,22130.0,23650.0,23210.0,1047444.0,سکرما,22110.0,0.06965174129353234,0.0009045680687471732,0.0013568521031207597,0.06965174129353234,0.28751567606291023,22726.203585356587,1
2023-04-03,1402-01-14,23710.0,24400.0,23410.0,24000.0,23600.0,431035.0,سکرما,23210.0,0.05127100387763895,0.008616975441619991,0.021542438604049977,0.034037052994398964,-0.30919917857369783,22860.3078556135,1
2023-04-04,1402-01-15,23710.0,25000.0,23710.0,24100.0,23830.0,372063.0,سکرما,23600.0,0.059322033898305086,0.004661016949152543,0.004661016949152543,0.0211864406779661,-0.36628703486332054,22825.997141528314,1
2023-04-05,1402-01-16,23710.0,24500.0,23710.0,24140.0,24040.0,500477.0,سکرما,23830.0,0.028115820394460762,-0.005035669324381032,-0.005035669324381032,0.013008812421317666,-0.24197583670867745,23029.781138969083,1
2023-04-08,1402-01-19,24090.0,25720.0,24090.0,25110.0,25650.0,2267627.0,سکرما,24040.0,0.06988352745424292,0.0020798668885191347,0.0020798668885191347,0.044509151414309486,1.4687140710815751,23369.358738126095,1
2023-04-09,1402-01-20,24100.0,25990.0,24100.0,25120.0,25140.0,931968.0,سکرما,25650.0,0.013255360623781676,-0.06042884990253411,-0.06042884990253411,-0.020662768031189084,0.1757291113728798,23430.947930518534,1
2023-04-10,1402-01-21,24600.0,25360.0,24120.0,24950.0,24940.0,769161.0,سکرما,25140.0,0.008750994431185362,-0.0405727923627685,-0.021479713603818614,-0.007557677008750994,0.01812376275074379,23308.46901478758,1
2023-04-11,1402-01-22,24100.0,26100.0,24100.0,25320.0,25110.0,699822.0,سکرما,24940.0,0.046511627906976744,-0.03368083400160385,-0.03368083400160385,0.015236567762630313,-0.04899986994385957,23560.995591161387,1
2023-04-15,1402-01-26,25560.0,26860.0,25560.0,26860.0,26570.0,990515.0,سکرما,25110.0,0.06969334926324174,0.017921146953405017,0.017921146953405017,0.06969334926324174,0.23240554632825763,24281.760639493794,1
2023-04-16,1402-01-27,26860.0,28420.0,25700.0,28100.0,28090.0,1964733.0,سکرما,26570.0,0.06962739932254422,-0.032743695897628905,0.010914565299209636,0.057583741061347386,1.1754974743409359,24863.353781239137,1
2023-04-17,1402-01-28,29940.0,29940.0,26900.0,27900.0,28290.0,671705.0,سکرما,28090.0,0.06585973656105376,-0.04236383054467782,0.06585973656105376,-0.006763972944108224,-0.07621853736730327,24889.77174369713,1
2023-04-18,1402-01-29,28290.0,29450.0,27560.0,27780.0,27970.0,1832122.0,سکرما,28290.0,0.041003888299752565,-0.025804171085189113,0.0,-0.018027571580063628,1.0471233695043498,24678.296859754977,1
2023-04-19,1402-01-30,28500.0,28860.0,26800.0,27570.0,27780.0,327550.0,سکرما,27970.0,0.03181980693600286,-0.041830532713621735,0.01894887379335002,-0.014301036825169824,-0.40937785333683296,24677.833479979978,1
2023-04-24,1402-02-04,27580.0,28580.0,27260.0,27960.0,27730.0,770467.0,سکرما,27780.0,0.028797696184305256,-0.018718502519798418,-0.007199424046076314,0.0064794816414686825,0.019388036309623383,24859.405604801,1
2023-04-25,1402-02-05,27000.0,28690.0,27000.0,28390.0,28130.0,407183.0,سکرما,27730.0,0.03461954561846376,-0.026325279480706815,-0.026325279480706815,0.023800937612693834,-0.3322891119017193,25001.857965808318,1
2023-04-26,1402-02-06,26550.0,28950.0,26550.0,28400.0,28210.0,406410.0,سکرما,28130.0,0.02915037326697476,-0.05616779239246356,-0.05616779239246356,0.009598293636686812,-0.33303741470494586,25108.279018799538,1
2023-04-29,1402-02-09,27820.0,29660.0,27800.0,28750.0,28940.0,509521.0,سکرما,28210.0,0.05140021269053527,-0.014533853243530664,-0.013824884792626729,0.01914214817440624,-0.2332207907159462,25221.69145201425,1
2023-04-30,1402-02-10,28050.0,29700.0,28050.0,28810.0,28940.0,560692.0,سکرما,28940.0,0.02626123013130615,-0.030753282653766412,-0.030753282653766412,-0.004492052522460262,-0.18368469402266321,25238.108758435254,1
2023-05-01,1402-02-11,29660.0,29660.0,27600.0,28480.0,28330.0,852779.0,سکرما,28940.0,0.0248790601243953,-0.04630269523151347,0.0248790601243953,-0.015894955079474776,0.09907018422577724,25179.51765364643,0
2023-05-02,1402-02-12,27550.0,29200.0,27550.0,29060.0,28770.0,662079.0,سکرما,28330.0,0.030709495234733496,-0.027532650900105895,-0.027532650900105895,0.025767737380868336,-0.08553698857540047,25240.170457900756,0
2023-05-03,1402-02-13,29600.0,29600.0,28260.0,28560.0,28790.0,925893.0,سکرما,28770.0,0.028849496002780674,-0.017726798748696558,0.028849496002780674,-0.0072992700729927005,0.16984820641867343,25323.680569225467,0
2023-05-06,1402-02-16,28800.0,29640.0,28500.0,28500.0,29110.0,914062.0,سکرما,28790.0,0.029524140326502257,-0.010072941993747829,0.0003473428273706148,-0.010072941993747829,0.15839520452349393,25017.485111475475,0
2023-05-07,1402-02-17,27520.0,28580.0,27080.0,27080.0,27230.0,2283086.0,سکرما,29110.0,-0.018206801786327723,-0.06973548608725524,-0.054620405358983166,-0.06973548608725524,1.4836791590959089,24300.830480381304,0
2023-05-08,1402-02-18,25750.0,25750.0,25330.0,25330.0,25340.0,1954345.0,سکرما,27230.0,-0.05435181784796181,-0.0697759823723834,-0.05435181784796181,-0.0697759823723834,1.1654413688817926,23746.16973081174,0
2023-05-09,1402-02-19,23570.0,27050.0,23570.0,25910.0,24490.0,1786382.0,سکرما,25340.0,0.06748224151539069,-0.06985003946329914,-0.06985003946329914,0.02249408050513023,1.0028447534376173,23688.361229541144,0
2023-05-10,1402-02-20,26200.0,26200.0,25210.0,26000.0,25960.0,2459440.0,سکرما,24490.0,0.06982441812984892,0.02939975500204165,0.06982441812984892,0.06165781951817068,1.6543986837533755,23752.498410700602,0
2023-05-13,1402-02-23,26790.0,26790.0,24150.0,24920.0,24470.0,877238.0,سکرما,25960.0,0.031972265023112484,-0.06972265023112481,0.031972265023112484,-0.040061633281972264,0.12274772402412021,23576.12833845055,0
2023-05-14,1402-02-24,23050.0,25650.0,23050.0,25460.0,24720.0,657586.0,سکرما,24470.0,0.04822231303637107,-0.058030241111565184,-0.058030241111565184,0.04045770331017572,-0.08988643811601763,23390.2456083278,0
2023-05-15,1402-02-25,25220.0,25290.0,24730.0,25060.0,24960.0,490606.0,سکرما,24720.0,0.023058252427184466,0.0004045307443365696,0.020226537216828478,0.013754045307443365,-0.25153146021533934,23440.776251496718,1
2023-05-17,1402-02-27,24120.0,25800.0,24120.0,25210.0,25090.0,368314.0,سکرما,24960.0,0.03365384615384615,-0.03365384615384615,-0.03365384615384615,0.010016025641025642,-0.3699162550564596,23484.641016759215,1
2023-05-20,1402-02-30,25600.0,26840.0,25000.0,25050.0,25430.0,372065.0,سکرما,25090.0,0.06974890394579514,-0.0035870864886408927,0.020326823435631726,-0.0015942606616181746,-0.3662850987629241,23405.61357525275,1
2023-05-21,1402-02-31,26350.0,26350.0,25030.0,25760.0,25400.0,338100.0,سکرما,25430.0,0.03617774282343689,-0.015729453401494297,0.03617774282343689,0.012976799056232795,-0.39916492374557744,23670.987079979837,1
2023-05-22,1402-03-01,25520.0,27170.0,25520.0,27170.0,27060.0,1857418.0,سکرما,25400.0,0.06968503937007874,0.004724409448818898,0.004724409448818898,0.06968503937007874,1.0716111673186055,24505.137980129966,1
2023-05-23,1402-03-02,26510.0,28840.0,26510.0,28750.0,28370.0,1172514.0,سکرما,27060.0,0.06577974870657798,-0.02032520325203252,-0.02032520325203252,0.06245380635624538,0.40858971435469466,25205.1914997398,1
2023-05-24,1402-03-03,29200.0,29200.0,27220.0,28290.0,28230.0,563534.0,سکرما,28370.0,0.029256256609094113,-0.040535777229467745,0.029256256609094113,-0.0028198801550934085,-0.18093349535931266,25047.305857416704,1
2023-05-27,1402-03-06,27800.0,28490.0,26640.0,27300.0,27770.0,330548.0,سکرما,28230.0,0.009210060219624512,-0.0563230605738576,-0.015232022670917464,-0.03294367693942614,-0.4064756388425596,24414.586249649732,1
2023-05-28,1402-03-07,27900.0,27900.0,26000.0,26510.0,26260.0,904538.0,سکرما,27770.0,0.004681310767014764,-0.06373784659704718,0.004681310767014764,-0.045372704357220024,0.1491754944356155,24256.25096711079,0
2023-05-29,1402-03-08,27900.0,28090.0,26260.0,28090.0,28050.0,1659733.0,سکرما,26260.0,0.06968773800456969,0.0,0.062452399086062454,0.06968773800456969,0.8802421638828384,24764.205815396992,1
2023-05-30,1402-03-09,29250.0,29900.0,28550.0,28680.0,29220.0,1142522.0,سکرما,28050.0,0.0659536541889483,0.017825311942959002,0.0427807486631016,0.022459893048128343,0.3795559528095823,25303.589688757933,1
2023-05-31,1402-03-10,28680.0,29480.0,27520.0,29240.0,28960.0,1338781.0,سکرما,29220.0,0.00889801505817933,-0.05817932922655715,-0.018480492813141684,0.0006844626967830253,0.5695445166626832,25416.296222100846,1
2023-06-03,1402-03-13,28400.0,29490.0,28400.0,28670.0,28960.0,565231.0,سکرما,28960.0,0.01830110497237569,-0.019337016574585635,-0.019337016574585635,-0.010013812154696133,-0.17929071417292777,25238.968866841155,0
2023-06-06,1402-03-16,28150.0,29500.0,28150.0,28380.0,28830.0,291718.0,سکرما,28960.0,0.018646408839779006,-0.02796961325966851,-0.02796961325966851,-0.020027624309392266,-0.4440650280395692,25038.317563631994,0
2023-06-07,1402-03-17,28460.0,28470.0,27710.0,28150.0,28590.0,178867.0,سکرما,28830.0,-0.012486992715920915,-0.03884842178286507,-0.012833853624696497,-0.023586541796739507,-0.5533104609592635,24851.592576701212,0
2023-06-10,1402-03-20,27520.0,27900.0,26860.0,27030.0,27570.0,391458.0,سکرما,28590.0,-0.024134312696747113,-0.06051066806575726,-0.037425673312346974,-0.05456453305351522,-0.34751170126878017,24597.798708490394,0
2023-06-11,1402-03-21,26510.0,29000.0,26510.0,27380.0,27400.0,284868.0,سکرما,27570.0,0.05186797243380486,-0.03844758795792528,-0.03844758795792528,-0.006891548784911135,-0.4506961718973986,24271.367805167134,0
2023-06-12,1402-03-22,26560.0,27790.0,25590.0,26000.0,26470.0,1412008.0,سکرما,27400.0,0.014233576642335766,-0.06605839416058394,-0.030656934306569343,-0.051094890510948905,0.6404319285279786,24011.91194795258,0
2023-06-13,1402-03-23,26470.0,27140.0,26000.0,26130.0,26420.0,200795.0,سکرما,26470.0,0.025311673592746504,-0.01775595013222516,0.0,-0.012844729882886286,-0.5320830562126236,24002.27856305548,0
2023-06-14,1402-03-24,27000.0,28000.0,26350.0,27050.0,26780.0,292675.0,سکرما,26420.0,0.05980317940953823,-0.0026495079485238456,0.02195306585919758,0.02384557153671461,-0.44313860399986954,24188.216088077974,0
2023-06-17,1402-03-27,27130.0,27500.0,26500.0,26500.0,26920.0,291902.0,سکرما,26780.0,0.0268857356235997,-0.010455563853622106,0.013069454817027632,-0.010455563853622106,-0.4438869068030961,24226.060760240736,1
2023-06-18,1402-03-28,27960.0,27960.0,25720.0,26130.0,26090.0,516744.0,سکرما,26920.0,0.03863298662704309,-0.04457652303120357,0.03863298662704309,-0.029346210995542348,-0.2262285641341795,23955.155257502167,1
2023-06-19,1402-03-29,26060.0,27000.0,25670.0,25880.0,25960.0,1031406.0,سکرما,26090.0,0.03487926408585665,-0.01609812188577999,-0.0011498658489842851,-0.008049060942889995,0.2719900869838054,23734.832554346234,1
2023-06-20,1402-03-30,25700.0,26440.0,25700.0,26200.0,26080.0,227016.0,سکرما,25960.0,0.01848998459167951,-0.010015408320493066,-0.010015408320493066,0.009244992295839754,-0.5066998119650112,23966.32716357146,1
2023-06-21,1402-03-31,26600.0,27490.0,26600.0,27240.0,27160.0,679539.0,سکرما,26080.0,0.05406441717791411,0.019938650306748466,0.019938650306748466,0.04447852760736196,-0.06863483211442217,24484.676476436183,1
2023-06-24,1402-04-03,27100.0,27800.0,27000.0,27800.0,27370.0,714200.0,سکرما,27160.0,0.023564064801178203,-0.005891016200294551,-0.0022091310751104565,0.023564064801178203,-0.035081244193805386,24828.06845979194,1
2023-06-25,1402-04-04,27990.0,28400.0,27600.0,28300.0,27830.0,327128.0,سکرما,27370.0,0.037632444282060654,0.008403361344537815,0.0226525392765802,0.0339788089148703,-0.40978637052048317,24902.049043185434,1
2023-06-26,1402-04-05,27800.0,28620.0,27800.0,28040.0,27940.0,213616.0,سکرما,27830.0,0.028386633129716135,-0.0010779734099892202,-0.0010779734099892202,0.007545813869924541,-0.5196716846212031,24940.395764870966,1
2023-06-27,1402-04-06,28350.0,28400.0,28090.0,28350.0,28230.0,836375.0,سکرما,27940.0,0.0164638511095204,0.005368647100930566,0.01467430207587688,0.01467430207587688,0.0831902887741227,25012.7029233229,1
2023-06-28,1402-04-07,28700.0,28700.0,27500.0,28230.0,28170.0,175560.0,سکرما,28230.0,0.01664895501239816,-0.02585901523202267,0.01664895501239816,0.0,-0.5565118029647879,25044.920453687675,1
2023-07-01,1402-04-10,26520.0,29050.0,26520.0,28830.0,28600.0,405722.0,سکرما,28170.0,0.03123890663826766,-0.058572949946751864,-0.058572949946751864,0.023429179978700747,-0.33370343324132345,25177.4650250854,1
2023-07-02,1402-04-11,28910.0,29630.0,28910.0,29580.0,29130.0,368755.0,سکرما,28600.0,0.03601398601398601,0.010839160839160839,0.010839160839160839,0.03426573426573427,-0.3694893449190431,25631.604115174436,1
2023-07-03,1402-04-12,29640.0,30460.0,29160.0,30460.0,30090.0,1343284.0,سکرما,29130.0,0.04565739787161002,0.0010298661174047373,0.017507723995880537,0.04565739787161002,0.5739036467052826,26281.952280698988,1
2023-07-04,1402-04-13,30000.0,32190.0,30000.0,32190.0,32030.0,2553940.0,سکرما,30090.0,0.06979062811565304,-0.0029910269192422734,-0.0029910269192422734,0.06979062811565304,1.7458794274854745,26750.18440808513,1
2023-07-05,1402-04-14,32640.0,33900.0,31680.0,32010.0,32690.0,713631.0,سکرما,32030.0,0.05838276615672807,-0.010927255697783328,0.019044645644708084,-0.0006244146113019045,-0.035632064756594424,26897.22656134483,1
2023-07-08,1402-04-17,31600.0,32950.0,31220.0,31900.0,31950.0,603164.0,سکرما,32690.0,0.007953502600183543,-0.044967880085653104,-0.0333435301315387,-0.02416641174671153,-0.14256966600372445,26910.049547127637,0
2023-07-09,1402-04-18,31900.0,33800.0,31170.0,32180.0,32320.0,470487.0,سکرما,31950.0,0.057902973395931145,-0.024413145539906103,-0.001564945226917058,0.007198748043818467,-0.27100766215339334,26919.642376230877,0
2023-07-10,1402-04-19,32470.0,32470.0,31970.0,32100.0,32300.0,531060.0,سکرما,32320.0,0.004641089108910891,-0.010829207920792078,0.004641089108910891,-0.006806930693069307,-0.21236995749641516,26828.99563979765,0
2023-07-11,1402-04-20,32980.0,32980.0,31270.0,31480.0,31970.0,463850.0,سکرما,32300.0,0.021052631578947368,-0.03188854489164087,0.021052631578947368,-0.025386996904024767,-0.2774326113190012,26572.62632049872,0
2023-07-12,1402-04-21,32440.0,32440.0,29820.0,30220.0,30420.0,609558.0,سکرما,31970.0,0.014701282452299031,-0.06725054738817642,0.014701282452299031,-0.05473881764153894,-0.13637995303628486,26296.980415891074,0
2023-07-15,1402-04-24,30220.0,32000.0,30220.0,31520.0,30670.0,232853.0,سکرما,30420.0,0.05193951347797501,-0.006574621959237344,-0.006574621959237344,0.03616042077580539,-0.501049302957982,26149.164787302354,0
2023-07-16,1402-04-25,31800.0,31800.0,29210.0,29990.0,30580.0,75966.0,سکرما,30670.0,0.036843821323769156,-0.04760352135637431,0.036843821323769156,-0.022171503097489404,-0.6529237944066363,26071.684410202306,1
2023-07-17,1402-04-26,29990.0,30550.0,29520.0,29750.0,30000.0,416651.0,سکرما,30580.0,-0.0009810333551340746,-0.03466317854807063,-0.019293655984303465,-0.02714192282537606,-0.3231236126249413,25998.131734942443,1
2023-07-18,1402-04-27,30470.0,31860.0,30450.0,31550.0,30510.0,277984.0,سکرما,30000.0,0.062,0.015,0.015666666666666666,0.051666666666666666,-0.4573602294619676,26080.269220514987,0
2023-07-19,1402-04-28,32580.0,32590.0,30140.0,30180.0,30720.0,179441.0,سکرما,30510.0,0.06817436905932481,-0.012127171419206818,0.06784660766961652,-0.010816125860373648,-0.5527548001454834,26408.437511777756,0
2023-07-22,1402-04-31,30380.0,32470.0,30370.0,31880.0,31190.0,353726.0,سکرما,30720.0,0.056966145833333336,-0.011393229166666666,-0.011067708333333334,0.037760416666666664,-0.3840381713481406,26637.588667800013,0
2023-07-23,1402-05-01,32000.0,32500.0,30530.0,30990.0,30920.0,977471.0,سکرما,31190.0,0.042000641231163836,-0.02116062840654056,0.025969862135299775,-0.006412311638345623,0.21977829954263328,26349.019071054463,0
2023-07-24,1402-05-02,31460.0,31460.0,29880.0,29880.0,30330.0,852032.0,سکرما,30920.0,0.017464424320827943,-0.03363518758085381,0.017464424320827943,-0.03363518758085381,0.09834705072770446,25747.25149837789,0
2023-07-25,1402-05-03,28260.0,30100.0,28260.0,28850.0,28920.0,1980914.0,سکرما,30330.0,-0.007583250906693043,-0.06824925816023739,-0.06824925816023739,-0.04879657105176393,1.1911614945983866,25444.348277136552,0
2023-07-26,1402-05-04,29230.0,29990.0,28730.0,29540.0,29010.0,108839.0,سکرما,28920.0,0.03699861687413555,-0.00656984785615491,0.010719225449515906,0.021438450899031812,-0.6211010802404427,25520.645338489732,0
2023-07-29,1402-05-07,29600.0,30700.0,28710.0,29330.0,29070.0,70407.0,سکرما,29010.0,0.058255773871078935,-0.010341261633919338,0.020337814546708032,0.011030679076180628,-0.6583051854585594,25455.24553664451,0
2023-07-30,1402-05-08,29350.0,29390.0,28120.0,28120.0,28620.0,463546.0,سکرما,29070.0,0.011007911936704506,-0.032679738562091505,0.009631922944616443,-0.032679738562091505,-0.2777268985792611,25095.208921674785,1
2023-07-31,1402-05-09,28400.0,29140.0,28050.0,28320.0,28520.0,228232.0,سکرما,28620.0,0.01816911250873515,-0.019916142557651992,-0.007686932215234102,-0.010482180293501049,-0.5055226629239717,24934.81298196137,0
2023-08-01,1402-05-10,28990.0,29140.0,28520.0,28860.0,28580.0,151460.0,سکرما,28520.0,0.021739130434782608,0.0,0.016479663394109396,0.011921458625525946,-0.5798418127419687,25202.251081601098,0
2023-08-02,1402-05-10,28990.0,29140.0,28520.0,28860.0,28580.0,151460.0,سکرما,28580.0,0.01959412176347096,-0.002099370188943317,0.014345696291112667,0.00979706088173548,-0.5798418127419687,25443.45458195365,1
2023-08-05,1402-05-14,28990.0,30500.0,28060.0,29090.0,29180.0,369516.0,سکرما,28580.0,0.06717984604618614,-0.01819454163750875,0.014345696291112667,0.017844646606018196,-0.3687526587181952,25330.534952248974,0
2023-08-06,1402-05-15,29800.0,29800.0,28500.0,28600.0,28640.0,598614.0,سکرما,29180.0,0.021247429746401644,-0.023303632625085675,0.021247429746401644,-0.019876627827278958,-0.14697429440564033,25150.957057080566,0
2023-08-07,1402-05-16,28900.0,28900.0,28500.0,28610.0,28650.0,122503.0,سکرما,28640.0,0.009078212290502794,-0.004888268156424581,0.009078212290502794,-0.001047486033519553,-0.60787364233192,25158.247851700424,0
2023-08-08,1402-05-17,28020.0,28800.0,28020.0,28410.0,28550.0,274917.0,سکرما,28650.0,0.005235602094240838,-0.02198952879581152,-0.02198952879581152,-0.008376963350785341,-0.4603292394199184,25132.358170209925,0
2023-08-09,1402-05-18,27720.0,28790.0,27720.0,28250.0,28450.0,288857.0,سکرما,28550.0,0.00840630472854641,-0.02907180385288967,-0.02907180385288967,-0.010507880910683012,-0.44683461965668597,24922.247035531604,0
2023-08-12,1402-05-21,28600.0,28600.0,27270.0,27870.0,28320.0,232405.0,سکرما,28450.0,0.005272407732864675,-0.04147627416520211,0.005272407732864675,-0.02038664323374341,-0.501482989446786,24791.340205147993,0
2023-08-13,1402-05-22,28610.0,28610.0,27170.0,28000.0,28130.0,225223.0,سکرما,28320.0,0.010240112994350282,-0.04060734463276836,0.010240112994350282,-0.011299435028248588,-0.5084355259704256,24911.056738711643,0
2023-08-14,1402-05-23,28310.0,28810.0,28000.0,28500.0,28440.0,708333.0,سکرما,28130.0,0.024173480270174193,-0.004621400639886242,0.006398862424457874,0.013153217205830075,-0.04076079470678131,25054.015389132157,0
2023-08-15,1402-05-24,28660.0,28670.0,28150.0,28180.0,28410.0,117507.0,سکرما,28440.0,0.00808720112517581,-0.010196905766526019,0.007735583684950774,-0.009142053445850914,-0.6127100211222434,25026.901123904525,0
2023-08-16,1402-05-25,27500.0,28490.0,27500.0,28400.0,28390.0,56032.0,سکرما,28410.0,0.0028159098908834917,-0.03203097500879972,-0.03203097500879972,-0.00035198873636043646,-0.672220907058019,24937.40966267216,0
2023-08-19,1402-05-28,28020.0,28380.0,27790.0,27800.0,28330.0,89357.0,سکرما,28390.0,-0.0003522367030644593,-0.021134202183867558,-0.013032758013384995,-0.020781965480803098,-0.6399606342022285,24880.30218371775,0
2023-08-20,1402-05-29,27220.0,28200.0,27200.0,27890.0,28080.0,256193.0,سکرما,28330.0,-0.004588775150017649,-0.039887045534768795,-0.039181080127073775,-0.015531238969290505,-0.4784550113314509,24775.380417131673,1
2023-08-21,1402-05-30,27850.0,28200.0,27650.0,27650.0,27920.0,277727.0,سکرما,28080.0,0.004273504273504274,-0.015313390313390313,-0.00819088319088319,-0.015313390313390313,-0.45760901836291096,24619.63112696253,1
2023-08-22,1402-05-31,27650.0,27900.0,26500.0,27300.0,27600.0,228076.0,سکرما,27920.0,-0.0007163323782234957,-0.0508595988538682,-0.009670487106017192,-0.022206303724928367,-0.5056736787548946,24576.306996494524,1
2023-08-23,1402-06-01,28000.0,28160.0,27310.0,27770.0,27640.0,146043.0,سکرما,27600.0,0.020289855072463767,-0.010507246376811594,0.014492753623188406,0.006159420289855073,-0.5850857406657441,24755.832374494694,1
2023-08-26,1402-06-04,28000.0,28590.0,27710.0,28590.0,27830.0,296914.0,سکرما,27640.0,0.034370477568740954,0.002532561505065123,0.013024602026049204,0.034370477568740954,-0.4390350392096011,25091.629666053697,1
2023-08-27,1402-06-05,28500.0,29770.0,28500.0,28980.0,28370.0,242802.0,سکرما,27830.0,0.06970894717930291,0.024074739489759252,0.024074739489759252,0.04132231404958678,-0.4914181715358587,25402.23692977947,1
2023-08-28,1402-06-06,29200.0,29350.0,28680.0,29350.0,28600.0,286017.0,سکرما,28370.0,0.03454353189989425,0.010927035600986958,0.029256256609094113,0.03454353189989425,-0.4495838822196401,25513.472872042974,1
2023-08-29,1402-06-07,29350.0,29990.0,28760.0,29150.0,28740.0,205122.0,سکرما,28600.0,0.0486013986013986,0.005594405594405594,0.026223776223776224,0.019230769230769232,-0.5278943030049116,25437.43941855031,1
2023-08-30,1402-06-08,29790.0,29790.0,27500.0,29000.0,28780.0,119879.0,سکرما,28740.0,0.03653444676409186,-0.04314544189283229,0.03653444676409186,0.009046624913013222,-0.6104138060520578,25398.434715524778,1
2023-09-02,1402-06-11,29890.0,29890.0,28560.0,29530.0,29190.0,360718.0,سکرما,28780.0,0.03856845031271716,-0.007644197359277276,0.03856845031271716,0.026059763724808897,-0.3772695643621635,25520.171195087238,1
2023-09-03,1402-06-12,29200.0,29900.0,28800.0,29300.0,29300.0,686392.0,سکرما,29190.0,0.024323398424117848,-0.013360739979445015,0.00034258307639602604,0.0037684138403562863,-0.062000784105998095,25638.152802596833,1
2023-09-04,1402-06-13,29750.0,29750.0,29510.0,29630.0,29410.0,191801.0,سکرما,29300.0,0.015358361774744027,0.007167235494880546,0.015358361774744027,0.011262798634812287,-0.5407896996954438,25620.927182712705,1
2023-09-05,1402-06-14,29990.0,29990.0,29010.0,29600.0,29570.0,214388.0,سکرما,29410.0,0.01972118327099626,-0.013600816048962938,0.01972118327099626,0.006460387623257395,-0.5189243498681747,25609.60225156378,1
2023-09-09,1402-06-18,29060.0,29950.0,29020.0,29550.0,29600.0,201148.0,سکرما,29570.0,0.012850862360500507,-0.018599932363882313,-0.017247210010145418,-0.0006763611768684477,-0.5317413344926508,25707.823872135978,1
2023-09-10,1402-06-19,29500.0,29920.0,29500.0,29850.0,29700.0,327341.0,سکرما,29600.0,0.010810810810810811,-0.0033783783783783786,-0.0033783783783783786,0.008445945945945946,-0.4095801758282616,25784.546472397666,1
2023-09-11,1402-06-20,29990.0,30000.0,29120.0,29980.0,29770.0,225012.0,سکرما,29700.0,0.010101010101010102,-0.019528619528619527,0.009764309764309764,0.009427609427609427,-0.5086397845622507,25795.75275506919,1
2023-09-12,1402-06-21,30000.0,30360.0,30000.0,30000.0,29960.0,276806.0,سکرما,29770.0,0.019818609338259994,0.007725898555592879,0.007725898555592879,0.007725898555592879,-0.4585005925954746,25872.48482321653,1
2023-09-13,1402-06-22,30300.0,30300.0,29980.0,30050.0,30000.0,174961.0,سکرما,29960.0,0.011348464619492658,0.0006675567423230974,0.011348464619492658,0.0030040053404539386,-0.5570916650335236,25951.069906707984,1
2023-09-17,1402-06-26,30290.0,30300.0,29600.0,30090.0,30000.0,37896.0,سکرما,30000.0,0.01,-0.013333333333333334,0.009666666666666667,0.003,-0.6897774654529962,25852.0207241136,1
2023-09-18,1402-06-27,29720.0,30300.0,29710.0,29980.0,29970.0,475710.0,سکرما,30000.0,0.01,-0.009666666666666667,-0.009333333333333334,-0.0006666666666666666,-0.2659515359680732,25775.788503942364,1
2023-09-19,1402-06-28,29980.0,30560.0,29960.0,30000.0,30010.0,126844.0,سکرما,29970.0,0.019686353019686353,-0.000333667000333667,0.000333667000333667,0.001001001001001001,-0.6036713364214327,26057.28743131735,0
2023-09-20,1402-06-29,31300.0,32100.0,30470.0,31540.0,31120.0,709266.0,سکرما,30010.0,0.0696434521826058,0.015328223925358214,0.04298567144285238,0.050983005664778404,-0.039857603871839,26446.91512945898,0
2023-09-23,1402-07-01,30150.0,32400.0,30150.0,30990.0,31070.0,361913.0,سکرما,31120.0,0.04113110539845758,-0.031169665809768637,-0.031169665809768637,-0.004177377892030848,-0.37611274437528674,26397.534803663606,0
2023-09-25,1402-07-03,31000.0,31200.0,30060.0,30070.0,30810.0,314460.0,سکرما,31070.0,0.0041841004184100415,-0.03250724171226263,-0.002252977148374638,-0.0321853878339234,-0.42204963043157556,25981.368802103392,0
2023-09-26,1402-07-04,30010.0,30780.0,29870.0,29870.0,30460.0,271774.0,سکرما,30810.0,-0.0009737098344693282,-0.03050957481337228,-0.02596559558584875,-0.03050957481337228,-0.46337182119293413,25706.739203928664,0
2023-09-27,1402-07-05,29310.0,30290.0,29310.0,29490.0,30030.0,395475.0,سکرما,30460.0,-0.005581089954038083,-0.03775443204202233,-0.03775443204202233,-0.03184504267892318,-0.34362304362251733,25604.810333296573,0
2023-09-30,1402-07-08,28900.0,29800.0,28890.0,28890.0,29540.0,395934.0,سکرما,30030.0,-0.007659007659007659,-0.03796203796203796,-0.03762903762903763,-0.03796203796203796,-0.3431787085815328,25361.670772174828,0
2023-10-01,1402-07-09,28320.0,29000.0,28320.0,28520.0,29080.0,299210.0,سکرما,29540.0,-0.01828029790115098,-0.04129993229519296,-0.04129993229519296,-0.034529451591062965,-0.43681239595448046,25096.178590768126,0
2023-10-02,1402-07-10,29050.0,29050.0,28250.0,28600.0,28900.0,206995.0,سکرما,29080.0,-0.0010316368638239339,-0.028541953232462173,-0.0010316368638239339,-0.016506189821182942,-0.5260811449836393,25131.09861395756,0
2023-10-04,1402-07-12,28010.0,29000.0,28010.0,28840.0,28750.0,233610.0,سکرما,28900.0,0.0034602076124567475,-0.030795847750865052,-0.030795847750865052,-0.0020761245674740486,-0.500316488957927,25304.706500665834,0
2023-10-07,1402-07-12,28010.0,29000.0,28010.0,28840.0,28750.0,233610.0,سکرما,28750.0,0.008695652173913044,-0.025739130434782608,-0.025739130434782608,0.003130434782608696,-0.500316488957927,25300.63828952564,0
2023-10-08,1402-07-12,28010.0,29000.0,28010.0,28840.0,28750.0,233610.0,سکرما,28750.0,0.008695652173913044,-0.025739130434782608,-0.025739130434782608,0.003130434782608696,-0.500316488957927,25243.679038944243,0
2023-10-09,1402-07-12,28010.0,29000.0,28010.0,28840.0,28750.0,233610.0,سکرما,28750.0,0.008695652173913044,-0.025739130434782608,-0.025739130434782608,0.003130434782608696,-0.500316488957927,25296.487350626478,0
2023-10-10,1402-07-18,27520.0,28780.0,27520.0,28770.0,28720.0,27499.0,سکرما,28750.0,0.0010434782608695651,-0.042782608695652175,-0.042782608695652175,0.0006956521739130435,-0.6998422833639235,25233.710164337208,0
2023-10-11,1402-07-19,28720.0,28770.0,27460.0,28170.0,27920.0,831599.0,سکرما,28720.0,0.0017409470752089136,-0.04387186629526462,0.0,-0.01915041782729805,0.07856688102740836,24983.619117484617,0
2023-10-14,1402-07-19,28720.0,28770.0,27460.0,28170.0,27920.0,831599.0,سکرما,27920.0,0.03044412607449857,-0.0164756446991404,0.02865329512893983,0.008954154727793696,0.07856688102740836,24889.65004758576,0
2023-10-15,1402-07-19,28720.0,28770.0,27460.0,28170.0,27920.0,831599.0,سکرما,27920.0,0.03044412607449857,-0.0164756446991404,0.02865329512893983,0.008954154727793696,0.07856688102740836,24993.460131526866,0
2023-10-16,1402-07-19,28720.0,28770.0,27460.0,28170.0,27920.0,831599.0,سکرما,27920.0,0.03044412607449857,-0.0164756446991404,0.02865329512893983,0.008954154727793696,0.07856688102740836,24891.030179044927,1
2023-10-17,1402-07-25,29380.0,29380.0,27060.0,27320.0,27710.0,232611.0,سکرما,27920.0,0.052292263610315186,-0.030802292263610316,0.052292263610315186,-0.02148997134670487,-0.501283571105952,24603.01270914459,0
2023-10-18,1402-07-26,27110.0,27800.0,27060.0,27700.0,27690.0,363847.0,سکرما,27710.0,0.003247924936845904,-0.023457235654998194,-0.021652832912306026,-0.00036088054853843375,-0.3742405352919229,24629.272806590885,1
2023-10-21,1402-07-29,29490.0,29500.0,28140.0,28140.0,27860.0,107622.0,سکرما,27690.0,0.0653665583243048,0.016251354279523293,0.06500541711809317,0.016251354279523293,-0.6222791973316805,24958.979047543766,1
2023-10-22,1402-07-30,28900.0,28900.0,28180.0,28390.0,28050.0,212026.0,سکرما,27860.0,0.03732950466618808,0.01148600143575018,0.03732950466618808,0.019023689877961235,-0.5212108844363781,25066.244466682045,1
2023-10-23,1402-08-01,28000.0,28300.0,27900.0,28160.0,28140.0,375242.0,سکرما,28050.0,0.008912655971479501,-0.0053475935828877,-0.0017825311942959,0.00392156862745098,-0.36320960328316876,24936.317818083924,1
2023-10-24,1402-08-02,28020.0,28490.0,28000.0,28240.0,28160.0,397606.0,سکرما,28140.0,0.012437810945273632,-0.004975124378109453,-0.0042643923240938165,0.0035536602700781805,-0.34156012865010354,25008.70874083445,0
2023-10-25,1402-08-03,28240.0,29300.0,28000.0,28940.0,28230.0,100965.0,سکرما,28160.0,0.040482954545454544,-0.005681818181818182,0.002840909090909091,0.027698863636363636,-0.6287235075012527,25189.774535391512,0
2023-10-28,1402-08-06,29200.0,29200.0,27010.0,27900.0,28050.0,395391.0,سکرما,28230.0,0.03436060928090684,-0.04321643641516117,0.03436060928090684,-0.011689691817215728,-0.3437043598391681,25031.130744017344,1
2023-10-29,1402-08-07,27300.0,29000.0,27300.0,27900.0,28030.0,94222.0,سکرما,28050.0,0.0338680926916221,-0.026737967914438502,-0.026737967914438502,-0.0053475935828877,-0.6352510699878723,24695.378192578653,1
2023-10-30,1402-08-08,28030.0,28790.0,27840.0,27840.0,27940.0,928811.0,سکرما,28030.0,0.027113806635747414,-0.0067784516589368534,0.0,-0.0067784516589368534,0.17267297689708894,24686.924877914007,0
2023-10-31,1402-08-09,27940.0,28100.0,27860.0,27860.0,27940.0,108928.0,سکرما,27940.0,0.00572655690765927,-0.002863278453829635,0.0,-0.002863278453829635,-0.6210149237728009,24926.53076914811,1
2023-11-01,1402-08-10,27940.0,28390.0,27860.0,28250.0,27970.0,188461.0,سکرما,27940.0,0.016105941302791697,-0.002863278453829635,0.0,0.011095204008589835,-0.5440229873575094,25038.11933142451,1
2023-11-04,1402-08-13,28500.0,29300.0,28340.0,28930.0,28310.0,359002.0,سکرما,27970.0,0.047550947443689665,0.013228459063282088,0.01894887379335002,0.03432248838040758,-0.3789307385023147,25120.343093760624,1
2023-11-05,1402-08-14,28140.0,29000.0,28090.0,28920.0,28520.0,342370.0,سکرما,28310.0,0.024373013069586717,-0.007771105616389968,-0.006004945249028612,0.02154715648180855,-0.3950313493991641,25413.216850559456,1
2023-11-06,1402-08-15,28510.0,30510.0,28500.0,29480.0,29480.0,842989.0,سکرما,28520.0,0.06977559607293128,-0.0007012622720897616,-0.0003506311360448808,0.033660589060308554,0.08959297278517142,25722.499988117816,1
2023-11-07,1402-08-16,30500.0,30500.0,29300.0,30160.0,29590.0,178397.0,سکرما,29480.0,0.03459972862957938,-0.006105834464043419,0.03459972862957938,0.023066485753052916,-0.5537654445524285,25809.96353959586,1
2023-11-08,1402-08-17,29000.0,30000.0,29000.0,29930.0,29650.0,123174.0,سکرما,29590.0,0.013856032443393038,-0.019939168638053395,-0.019939168638053395,0.011490368367691788,-0.6072240806489121,25769.669907545285,1
2023-11-11,1402-08-20,30500.0,30500.0,29090.0,29330.0,29510.0,334167.0,سکرما,29650.0,0.02866779089376054,-0.01888701517706577,0.02866779089376054,-0.010792580101180439,-0.4029722651751896,25654.722311551937,0
2023-11-12,1402-08-21,29010.0,29790.0,29010.0,29070.0,29430.0,170124.0,سکرما,29510.0,0.009488309047780414,-0.016943409013893594,-0.016943409013893594,-0.014910199932226365,-0.5617741238423296,25416.474872950334,0
2023-11-13,1402-08-22,29020.0,29380.0,29010.0,29170.0,29320.0,286712.0,سکرما,29430.0,-0.0016989466530750934,-0.014271151885830785,-0.013931362555215767,-0.008834522595990485,-0.4489110873318749,25294.775118863523,0
2023-11-14,1402-08-23,29010.0,29610.0,29000.0,29120.0,29250.0,258288.0,سکرما,29320.0,0.009890859481582538,-0.010914051841746248,-0.010572987721691678,-0.0068212824010914054,-0.47642694616617315,25482.853904400694,0
2023-11-15,1402-08-24,29000.0,29720.0,29000.0,29310.0,29300.0,117999.0,سکرما,29250.0,0.016068376068376067,-0.008547008547008548,-0.008547008547008548,0.0020512820512820513,-0.6122337404247176,25596.31322273473,1
2023-11-18,1402-08-27,29100.0,29300.0,28750.0,29010.0,29230.0,176763.0,سکرما,29300.0,0.0,-0.01877133105802048,-0.006825938566552901,-0.009897610921501706,-0.5553472385763253,25320.18259636579,0
2023-11-19,1402-08-28,29230.0,29700.0,28690.0,28690.0,29180.0,356393.0,سکرما,29230.0,0.016079370509750255,-0.01847417037290455,0.0,-0.01847417037290455,-0.3814563814694792,25105.230574665577,0
2023-11-20,1402-08-29,28600.0,29450.0,28460.0,28700.0,29060.0,148475.0,سکرما,29180.0,0.009252912954078136,-0.02467443454420836,-0.019876627827278958,-0.01644962302947224,-0.5827314425836652,25335.869165015174,0
2023-11-21,1402-08-30,28760.0,29450.0,28160.0,29440.0,28700.0,459006.0,سکرما,29060.0,0.013420509291121816,-0.030970406056434963,-0.01032346868547832,0.01307639366827254,-0.2821218464791947,25549.101834826168,0
2023-11-22,1402-09-01,28700.0,29140.0,28300.0,29000.0,28670.0,169966.0,سکرما,28700.0,0.015331010452961672,-0.013937282229965157,0.0,0.010452961672473868,-0.5619270757736489,25358.88113371393,1
2023-11-25,1402-09-04,28300.0,28940.0,28100.0,28730.0,28620.0,247063.0,سکرما,28670.0,0.009417509591907918,-0.01988140913847227,-0.012905476107429368,0.0020927799093128706,-0.48729330964122936,25186.23648084681,1
2023-11-26,1402-09-05,29180.0,29180.0,28850.0,28870.0,28750.0,277912.0,سکرما,28620.0,0.019566736547868623,0.00803633822501747,0.019566736547868623,0.008735150244584208,-0.4574299290762397,25299.482876456346,1
2023-11-27,1402-09-06,29320.0,29320.0,28790.0,28840.0,28810.0,166881.0,سکرما,28750.0,0.01982608695652174,0.001391304347826087,0.01982608695652174,0.003130434782608696,-0.5649135106351676,25338.17442814671,1
2023-11-28,1402-09-07,29380.0,29380.0,28810.0,28850.0,28830.0,68924.0,سکرما,28810.0,0.019784796945505032,0.0,0.019784796945505032,0.0013884068031933356,-0.6597408039025245,25361.339099246914,1
2023-11-29,1402-09-08,29400.0,30800.0,28900.0,30700.0,29910.0,1870354.0,سکرما,28830.0,0.06833159902878945,0.002428026361429067,0.019771071800208116,0.06486298994103365,1.0841338646828218,25870.47398375857,1
2023-12-02,1402-09-11,29400.0,30900.0,29400.0,30560.0,30240.0,302698.0,سکرما,29910.0,0.033099297893681046,-0.017051153460381142,-0.017051153460381142,0.021731862253426947,-0.4334358368630777,26464.771361309897,1
2023-12-03,1402-09-12,30110.0,30840.0,30110.0,30700.0,30290.0,167481.0,سکرما,30240.0,0.01984126984126984,-0.004298941798941799,-0.004298941798941799,0.01521164021164021,-0.5643326805162336,26284.990259602848,1
2023-12-04,1402-09-13,28540.0,31000.0,28540.0,30610.0,30400.0,184650.0,سکرما,30290.0,0.02344007923407065,-0.0577748431825685,-0.0577748431825685,0.010564542753383956,-0.5477122266629383,25826.236128786506,1
2023-12-05,1402-09-14,29730.0,30980.0,29730.0,30480.0,30460.0,278393.0,سکرما,30400.0,0.019078947368421053,-0.022039473684210525,-0.022039473684210525,0.002631578947368421,-0.4569642969308943,26156.449262929524,1
2023-12-06,1402-09-15,30460.0,31000.0,30460.0,30970.0,30630.0,206743.0,سکرما,30460.0,0.01772816808929744,0.0,0.0,0.01674326986211425,-0.5263250936335916,26668.69908635541,1
2023-12-09,1402-09-18,31200.0,31200.0,30400.0,30860.0,30710.0,152080.0,سکرما,30630.0,0.01860920666013712,-0.0075089781260202415,0.01860920666013712,0.0075089781260202415,-0.5792416216190702,26223.32070864619,1
2023-12-10,1402-09-19,30300.0,31140.0,30300.0,31090.0,30800.0,180834.0,سکرما,30710.0,0.014001953760989906,-0.013350700097688049,-0.013350700097688049,0.012373819602735266,-0.5514063062193584,25820.55448797875,1
2023-12-11,1402-09-20,31190.0,31210.0,30830.0,31000.0,30910.0,279794.0,سکرما,30800.0,0.013311688311688311,0.000974025974025974,0.012662337662337663,0.006493506493506494,-0.4556080586031835,26842.729671803765,1
2023-12-12,1402-09-21,30510.0,31550.0,30510.0,31500.0,31170.0,350437.0,سکرما,30910.0,0.02070527337431252,-0.012940795858945324,-0.012940795858945324,0.019087673891944355,-0.387222088450097,27426.16419890945,1
2023-12-13,1402-09-22,31590.0,31990.0,31170.0,31720.0,31430.0,363745.0,سکرما,31170.0,0.02630734680782804,0.0,0.013474494706448507,0.017645171639396856,-0.3743392764121417,24580.30201249268,0
