Date,individual_buy_count,corporate_buy_count,individual_sell_count,corporate_sell_count,individual_buy_vol,corporate_buy_vol,individual_sell_vol,corporate_sell_vol,individual_buy_value,corporate_buy_value,individual_sell_value,corporate_sell_value,individual_buy_mean_price,individual_sell_mean_price,corporate_buy_mean_price,corporate_sell_mean_price,individual_ownership_change
2023-01-21,2.2946044843923743,-1.0092321971526792,1.4629387170107258,0.22018233881981183,2.06029461412145,0.07285922569431907,2.2081689564205353,-0.17725398353047975,1.3491186744756134,-0.15261248226961754,1.363014802362114,-0.2744115172715142,-1.6756767575596854,-1.6678633900688595,-1.5999621976912473,-1.6325503792201133,-0.2931011741089037
2023-01-22,3.1121063870705656,-0.12194889048928223,0.4826107471067088,0.22018233881981183,2.226533335035415,0.11118964232168882,1.0780347149437313,2.121554990785178,1.4766081359588497,-0.13656214311555698,0.5094235799345156,1.5258131517746927,-1.6782388010697329,-1.6760721483426,-1.6875817632214147,-1.6857066219221541,2.2997072384058375
2023-01-23,2.3789917775720584,-0.5655905438209807,1.7822455414937486,1.3441776652144966,2.3665154203931587,-0.19685394280522445,1.5566069124401583,1.2023910175842027,1.6836331863142897,-0.34634383727753143,0.9527221937515982,0.8440311820981454,-1.5074402019392925,-1.490905601391557,-1.5148139756186532,-1.5564361714054322,1.622744845639622
2023-01-24,1.498199405009104,-0.5655905438209807,0.7627044527935708,0.22018233881981183,0.8258058224227324,-0.5016655921200197,0.5827558507807852,-0.11270658019702152,0.4760037154491736,-0.575299504153651,0.21222322941923563,-0.20208742660201467,-1.4128180363969411,-1.4223080976715812,-1.4448374441627954,-1.3756628781781985,0.48712619331333185
2023-01-25,1.3768926710633078,1.2089760695058134,1.1884468854376011,-0.903812987574873,0.8909017233841222,-0.17540209951714708,1.1198634311891014,-0.5854589118271429,0.4441272702254809,-0.3448732442175922,0.5428536674898377,-0.5983249915138888,-1.6702384995152773,-1.670818048201075,-1.6655657667820816,-1.5596370875190386,-0.4567595306119877
2023-01-28,0.3642451529070969,-0.12194889048928223,0.5162219917891322,-0.5291478787766447,0.5142256019761641,-0.3633798869122863,0.35261118801955726,-0.10687552434934543,0.14081598791087327,-0.4896057626633424,-0.04654185459512556,-0.2250259425016117,-1.7108054081504929,-1.7186918699851117,-1.7530362343038135,-1.7105619543238284,0.323866683066306
2023-01-29,0.8758431178089328,2.539901029500909,0.9475662985468998,-0.903812987574873,0.8509620359570976,1.8639627019873273,2.3068315831201214,-0.5395737348484168,0.30197696911293703,1.0096664492074328,1.2351092329796474,-0.5658362490108292,-2.0129109088212944,-2.0202854241014676,-2.021321251476451,-2.0362013254687725,-2.9104844724123704
2023-01-30,0.6121328266224194,-0.12194889048928223,0.41538825774186194,-0.5291478787766447,0.6401613298632074,-0.5317446418974571,0.6471706138085594,-0.5805762225231065,0.14310485764543776,-0.6249164552755571,0.07408145286677796,-0.5953818524294882,-2.038002748711203,-2.0415849450862624,-2.071975479167682,-1.9610184164051698,-0.01320044858906376
2023-01-31,-0.11570757705235732,-1.0092321971526792,-0.2456328876791324,-0.15448276997841645,-0.2766434154989526,-0.7165959756548814,-0.4194379986088277,-0.5185464399711817,-0.5030563391708645,-0.7482467652964592,-0.6555507780062128,-0.5480865781094159,-1.9690744040905965,-1.9764734438755502,-1.9819185873058873,-1.8441421165270633,0.28521947359018385
2023-02-01,-0.15790122364219944,-0.5655905438209807,-0.47530972634235924,-0.5291478787766447,0.059351233072392984,-0.37894230879618807,-0.37041211518708134,0.34293854110541877,-0.2673791855641218,-0.5191970409901608,-0.6259702498502907,0.07609207287459943,-2.0129206615969477,-2.011000516207352,-2.029325369045458,-2.0236563452019367,0.859552826653304
2023-02-04,-0.15790122364219944,-0.5655905438209807,-0.47530972634235924,-0.5291478787766447,0.059351233072392984,-0.37894230879618807,-0.37041211518708134,0.34293854110541877,-0.2673791855641218,-0.5191970409901608,-0.6259702498502907,0.07609207287459943,-2.0129206615969477,-2.011000516207352,-2.029325369045458,-2.0236563452019367,0.859552826653304
2023-02-05,0.11108327336804413,0.7653344161741148,-0.23442913945165794,-0.903812987574873,0.12660420631847003,0.11957404975194959,0.5389821357297577,-0.5900354795980581,-0.2580689537710419,-0.2085081804671635,-0.05032919201964609,-0.602485286193691,-2.204747513537092,-2.2135420332297917,-2.224268414638812,-2.1035728451998508,-0.8245465834184564
2023-02-06,-0.22646589935069292,-0.5655905438209807,-0.4024853628637751,-0.5291478787766447,-0.12311542978201247,-0.481605923476092,-0.6020465518420886,0.3184879735355391,-0.43054362228005566,-0.598593829564404,-0.8096266658907656,0.03188784642205676,-2.210002551880921,-2.2249564875901955,-2.2207269612704974,-2.1936275856280374,0.9576497348874856
2023-02-07,-0.06296551881505466,-0.5655905438209807,-0.7778109284841702,-0.5291478787766447,-0.22163369506352704,-0.6834465393414391,-0.6923168634728561,0.08800185044164631,-0.49229862618949044,-0.728424719822904,-0.8642412315892389,-0.12589895040630295,-2.169705011420314,-2.1666170706795436,-2.147706066965712,-2.1663633807091203,0.9410289996899306
2023-02-08,-0.2897563692354561,-0.5655905438209807,-0.6489678238682137,-0.15448276997841645,-0.4576895388671761,-0.608113261020404,-0.6399852704761441,-0.3338575220533075,-0.6565299580861457,-0.6795198746937487,-0.8301442566529427,-0.4226099514829922,-2.175540992743891,-2.177585301988063,-2.1783020027668245,-2.1698735642614384,0.36398606151976765
2023-02-11,-0.2897563692354561,-0.5655905438209807,-0.6489678238682137,-0.15448276997841645,-0.4576895388671761,-0.608113261020404,-0.6399852704761441,-0.3338575220533075,-0.6565299580861457,-0.6795198746937487,-0.8301442566529427,-0.4226099514829922,-2.175540992743891,-2.177585301988063,-2.1783020027668245,-2.1698735642614384,0.36398606151976765
2023-02-12,-0.28448216341172583,0.7653344161741148,-0.4529022298874103,-0.15448276997841645,-0.4752682772910879,-0.14550027879850427,-0.5490290554983582,-0.027792433267930322,-0.6810897787812223,-0.3866672923265571,-0.7823215999744351,-0.21896221962636975,-2.295493299806658,-2.2946705385576647,-2.2830926697914555,-2.2871855559652277,0.1469062491594869
2023-02-13,-0.2000948702320416,-0.5655905438209807,-0.7778109284841702,-0.15448276997841645,-0.5038774989889683,-0.41306294134602695,-0.5879328275857537,-0.2962462710968659,-0.7028399265501076,-0.560073107712814,-0.8107293878001315,-0.4035467501347243,-2.3210719273260203,-2.3236489203230932,-2.319469601146754,-2.3144823485038613,0.1674576346491768
2023-02-14,-0.47962777888974567,-0.5655905438209807,-0.7834128025979075,0.9695125564162683,-0.4335873492901011,0.0008201271711984331,-0.8038215630553135,0.6451496513201551,-0.6589338784274021,-0.29989093290919555,-0.9523637184089944,0.22932684490340646,-2.3486349461315763,-2.3523009163822044,-2.337107626190877,-2.3390031881839,0.7398720875696799
2023-02-15,-0.4321599264761733,-0.12194889048928223,-0.7498015579154841,0.22018233881981183,-0.429696915348076,-0.4792724867261197,-0.775851364797528,0.08941702689791932,-0.663515222156225,-0.6055650338858167,-0.9387145425952063,-0.15256940188044726,-2.4132074623943516,-2.4093059116590516,-2.389197177031221,-2.4038831919554955,0.6917203075758357
2023-02-18,-0.4321599264761733,-0.12194889048928223,-0.7498015579154841,0.22018233881981183,-0.429696915348076,-0.4792724867261197,-0.775851364797528,0.08941702689791932,-0.663515222156225,-0.6055650338858167,-0.9387145425952063,-0.15256940188044726,-2.4132074623943516,-2.4093059116590516,-2.389197177031221,-2.4038831919554955,0.6917203075758357
2023-02-19,-0.34249842747275877,-0.12194889048928223,-0.5313284674797316,-0.15448276997841645,-0.294630398528692,-0.6257900778416662,-0.7240693120728844,0.07779966386521607,-0.5666736310086354,-0.6955729398782915,-0.9009279661872295,-0.15299675193912418,-2.347943033585598,-2.349497939885039,-2.342476513480988,-2.340390818111095,0.8584520577035678
2023-02-20,0.41698721114439957,0.32169276284241627,-0.08878041249448969,0.9695125564162683,1.2555759202795127,0.38816967737673547,0.06663913197617526,2.487325982709915,0.5477673000143707,-0.00839120986063763,-0.346291325930605,1.5903183090160833,-2.1283398759043566,-2.129128864150031,-2.087423922401211,-2.110000190784059,2.379339258475214
2023-02-21,0.5013745043240838,2.9835426828326073,0.5554351105852929,1.718842774012725,0.36562981806601264,3.6038099189842128,0.7551646212065973,3.1788946981256254,-0.021559998159429657,2.300012324629818,0.1941311869934747,2.2332060315949125,-1.908042921478674,-1.9013144506175366,-1.8714223147399072,-1.8762530082445548,-0.7785577998117862
2023-02-22,-0.26865954594053504,-0.12194889048928223,-0.20641976888297173,0.22018233881981183,-0.30288662771573943,0.32742287325390823,-0.04920845414532149,-0.09169810009840022,-0.5124435557263756,-0.018487744216762348,-0.3830145088102728,-0.22867357728971183,-1.8957694815091097,-1.9123670773069366,-1.9157189187195414,-1.8914432394825729,-0.5077137457197757
2023-02-25,0.5171971217952747,-1.4528738504843777,0.5722407329265047,1.3441776652144966,1.1408915771436443,-0.7951493111647908,0.5051827810153836,0.25735875781942447,0.6596554235809305,-0.802213881334806,0.0973224963471129,0.07311578314089434,-1.6126796373751429,-1.6114646341931962,-1.7089058851075531,-1.6150984842840177,1.2728007611404155
2023-02-26,2.146926721327927,0.32169276284241627,1.5749761992854707,-0.903812987574873,1.5939803500909757,1.2517750461719088,2.6168920157545106,-0.43993473537017086,1.0365803418018267,0.7601931381466842,1.7426335393858665,-0.4772900919751981,-1.5662114115207637,-1.5523886831314062,-1.506070024759466,-1.4190480354759754,-2.0436700938378105
2023-02-27,1.1711986439378277,1.6526177228375118,0.40418450951438745,-0.903812987574873,0.5060081837487843,0.32481242700989527,0.7848783396368164,-0.13746377780755248,0.12875386728761135,0.021102770227592535,0.27461865690318815,-0.2490395882127443,-1.732308328476681,-1.7205337814605568,-1.6832441283573782,-1.7123430194286176,-0.5570620644817946
2023-02-28,0.2587610364324916,-0.12194889048928223,-0.08878041249448969,-0.903812987574873,0.2612277529365344,-0.46021157272451363,0.3074204065815226,-0.5726785920730971,-0.0626399303787614,-0.5592851015008163,-0.08798347497856586,-0.5886984964519255,-1.7495253201783638,-1.7498320110353873,-1.7449801680233632,-1.73695257276567,-0.09204645539247461
2023-03-01,0.34314832961217584,0.32169276284241627,-0.43049473343246136,-1.2784780963731013,0.30079567222358444,0.23646825507768315,0.7880415541784296,-0.595120554899075,-0.05837279256359697,-0.07139690581790759,0.23110625180621458,-0.6061142760213286,-1.8609715621287983,-1.8602686713086165,-1.8511609658802552,-1.73695257276567,-0.9740514454733942
2023-03-05,-0.4479825439473641,-1.4528738504843777,-0.6153565791857902,-0.15448276997841645,-0.036682838978664076,-0.7108110861352495,-0.2412362794808033,-0.404537017692262,-0.32128244406042195,-0.7429789896199201,-0.5224014289039407,-0.4634961968802993,-1.9269410289929438,-1.9275400457735483,-1.8870137127282514,-1.899825420039644,0.40903641769820126
2023-03-06,1.0076982634021894,-1.0092321971526792,0.5610369846990302,2.4681729916091815,3.1433439166321113,-0.5116654923114098,1.1850540329537969,2.8662169774188055,2.1586600060863965,-0.5945315265892761,0.5713508440680733,2.096001048042859,-1.718565543546133,-1.7231464198225208,-1.699129343803851,-1.7098002648478865,3.9203667352720335
2023-03-07,0.45390665191051144,-1.0092321971526792,0.3817770130594385,-0.15448276997841645,1.3093816255300603,-0.6487970704847953,0.5378407154728422,0.6507228938500698,0.7736659526500558,-0.6947912037448148,0.10942364896737652,0.3752340435921667,-1.658624388583047,-1.6558477979977777,-1.6904680414992448,-1.6684165650243206,1.5446644134214125
2023-03-08,0.45390665191051144,-1.0092321971526792,0.3817770130594385,-0.15448276997841645,1.3093816255300603,-0.6487970704847953,0.5378407154728422,0.6507228938500698,0.7736659526500558,-0.6947912037448148,0.10942364896737652,0.3752340435921667,-1.658624388583047,-1.6558477979977777,-1.6904680414992448,-1.6684165650243206,1.5446644134214125
2023-03-12,-0.20536907605577184,-0.12194889048928223,-0.21202164299670898,-1.2784780963731013,0.0677370266661505,-0.5763350929742026,0.05532975669589999,-0.595120554899075,-0.21558895458806504,-0.644103971998438,-0.27982028059922603,-0.6061142760213286,-1.7768216993558508,-1.775839944340188,-1.761934558587713,-1.6684165650243206,0.024899588204881817
2023-03-13,-0.16317542946592972,-1.0092321971526792,0.0008495733253061505,-0.5291478787766447,0.03979547019924475,-0.7525007774159086,-0.282370040440561,-0.24425035912890775,-0.2453092653724864,-0.7715988587249811,-0.535325214747349,-0.3382786700226712,-1.8218870798094717,-1.8225344262899987,-1.7897482586336413,-1.8115309131543125,0.6443446134887286
2023-03-14,-0.12098178287608759,0.7653344161741148,1.4293274723283025,0.9695125564162683,0.05619966642268768,0.4237874916001973,-0.2046413357309446,0.9078548115212911,-0.2215402917341338,0.0854560492034168,-0.4649149710002238,0.5536264699714468,-1.7622263869356236,-1.7399864192135626,-1.7266026551834892,-1.762849774468786,0.5217236241865784
2023-03-15,0.41698721114439957,-0.12194889048928223,1.1492337666414403,0.9695125564162683,1.3727114819207078,0.025225471342563855,0.5590324717137339,1.4455252484743149,0.8943021356671074,-0.16953992103659607,0.17502117337677384,1.0684416034888435,-1.4851538187954632,-1.4855118613222915,-1.4565590426508044,-1.4750427567122897,1.6290166008227345
2023-03-19,0.5593907683851168,0.7653344161741148,0.36497139071822676,0.9695125564162683,1.2167897646086259,-0.3107898957983725,0.39511763166740915,1.099662834860589,0.9051123963418121,-0.4016973666378941,0.14252910870639196,0.8818095576914939,-1.1304566378122094,-1.1240595706161718,-1.1071246894924953,-1.1380364119011714,1.644802853882797
2023-03-20,0.5593907683851168,0.7653344161741148,0.36497139071822676,0.9695125564162683,1.2167897646086259,-0.3107898957983725,0.39511763166740915,1.099662834860589,0.9051123963418121,-0.4016973666378941,0.14252910870639196,0.8818095576914939,-1.1304566378122094,-1.1240595706161718,-1.1071246894924953,-1.1380364119011714,1.644802853882797
2023-03-21,0.5593907683851168,0.7653344161741148,0.36497139071822676,0.9695125564162683,1.2167897646086259,-0.3107898957983725,0.39511763166740915,1.099662834860589,0.9051123963418121,-0.4016973666378941,0.14252910870639196,0.8818095576914939,-1.1304566378122094,-1.1240595706161718,-1.1071246894924953,-1.1380364119011714,1.644802853882797
2023-03-22,0.5593907683851168,0.7653344161741148,0.36497139071822676,0.9695125564162683,1.2167897646086259,-0.3107898957983725,0.39511763166740915,1.099662834860589,0.9051123963418121,-0.4016973666378941,0.14252910870639196,0.8818095576914939,-1.1304566378122094,-1.1240595706161718,-1.1071246894924953,-1.1380364119011714,1.644802853882797
2023-03-25,0.802004236276709,-0.12194889048928223,0.6562688446325633,-0.903812987574873,1.0269478521704563,-0.5269162191213995,0.9389776662689134,-0.40957429328544936,0.7159356805810063,-0.5837639882359307,0.5728313379980458,-0.445115471024377,-1.2003408121488968,-1.199998035930019,-1.1866083489253436,-1.198227618551393,0.1772413391499089
2023-03-26,0.7281653547444853,-0.12194889048928223,0.348165768377015,-0.5291478787766447,0.5786223220400822,-0.18509268035927381,0.3837980364564631,0.14183601713092212,0.3189855174780948,-0.3082361948403053,0.10403873568070669,0.022415489667715123,-1.2497607000720736,-1.2342699563562038,-1.214704971586739,-1.2853818761413403,0.3903648068765224
2023-03-27,0.9180367643987749,-0.12194889048928223,0.3873788871731757,-0.5291478787766447,0.6388046971452,0.6392091749924141,1.0985572117246971,-0.11584610568786936,0.3681798019383122,0.36210383958651965,0.6899084060119155,-0.1937803937534496,-1.2558000558490323,-1.2398535208564327,-1.2015139081516168,-1.241555419600762,-0.9186363422982139
2023-03-28,0.2640352422562219,0.32169276284241627,0.1352945520549999,-0.15448276997841645,0.29996050706141253,-0.10255905577289977,0.28868960964615253,-0.08979882447347041,0.10421642296338185,-0.23248057191970026,0.04560985342355034,-0.16427786175559791,-1.1590313813324573,-1.1542475040812654,-1.1336166311926537,-1.1590577121687724,0.02292345975612466
2023-03-29,0.7861816188055182,-0.12194889048928223,0.6562688446325633,-0.5291478787766447,0.6085341912865074,-0.6881518995806929,0.3672545966826572,-0.31561176336572866,0.3737738538353146,-0.7141750613542864,0.11368229771744033,-0.3616580679101032,-1.1459701468364383,-1.1449228644346585,-1.137710950386382,-1.157731520085975,0.48330824774655456
2023-04-01,0.7861816188055182,-0.12194889048928223,0.6562688446325633,-0.5291478787766447,0.6085341912865074,-0.6881518995806929,0.3672545966826572,-0.31561176336572866,0.3737738538353146,-0.7141750613542864,0.11368229771744033,-0.3616580679101032,-1.1459701468364383,-1.1449228644346585,-1.137710950386382,-1.157731520085975,0.48330824774655456
2023-04-02,0.7861816188055182,-0.12194889048928223,0.6562688446325633,-0.5291478787766447,0.6085341912865074,-0.6881518995806929,0.3672545966826572,-0.31561176336572866,0.3737738538353146,-0.7141750613542864,0.11368229771744033,-0.3616580679101032,-1.1459701468364383,-1.1449228644346585,-1.137710950386382,-1.157731520085975,0.48330824774655456
2023-04-03,1.0287950866971105,0.7653344161741148,0.4938144953341833,-1.2784780963731013,0.879835639079481,-0.571417818096283,0.8709686996232385,-0.595120554899075,0.6013163695790257,-0.6194259092772435,0.527669514380364,-0.6061142760213286,-1.1665844775089629,-1.1673286456791727,-1.1708274929366955,-1.157731520085975,0.018856162284022537
2023-04-04,0.5963102091512287,0.32169276284241627,0.6002501034951908,-0.15448276997841645,0.940593466909897,-0.5352721178558757,0.8303158594010454,-0.3797650733633581,0.6635236531370595,-0.589178918497536,0.502237499548065,-0.41523330676069803,-1.1372918657344042,-1.142109993848449,-1.1531695025361093,-1.0886124809562985,0.22174335472155088
2023-04-05,0.62268123826988,-0.12194889048928223,1.440531220555777,0.9695125564162683,1.5854556541152496,-0.6340157868653925,1.125906914191757,0.12352211843430969,1.342675814262789,-0.6620986294685444,0.8525593408028331,0.06345629047166158,-0.8659092983641178,-0.8736878627066993,-0.8435385669729428,-0.822012538172452,0.9210685840554838
2023-04-09,1.4507315525955315,0.32169276284241627,1.4629387170107258,1.718842774012725,1.667052924605115,4.775206095803675,2.8170852736979195,3.1095998684911375,1.7667217923632157,4.70777189989547,2.850555801286835,3.299222533298785,-0.10613984463305964,-0.09897673294940232,-0.08477107353763907,-0.10244564813760146,-2.297803482536903
2023-04-10,3.1490258278366774,3.4271843361643057,3.4908171461836064,1.3441776652144966,2.126876420395831,4.565375442799755,4.504189676840693,0.7482668423042966,2.209362808679776,4.437975375439637,4.482009824963769,0.7989255685884848,-0.1698328268575389,-0.16990412133263094,-0.15784256783689576,-0.1509802945195087,-4.7516364573641825
2023-04-11,2.0994588689143545,3.4271843361643057,3.244334685179168,7.713484514784377,2.2471244459153366,-0.03573562314357787,1.981908743308258,0.4261202028794535,2.5113546630621912,-0.015584838887065368,2.140630738043528,0.5188403365633028,0.1507447070251131,0.15107584688035502,0.20633494003826358,0.17615853751488555,0.5332697269315035
2023-04-12,2.0994588689143545,3.4271843361643057,3.244334685179168,7.713484514784377,2.2471244459153366,-0.03573562314357787,1.981908743308258,0.4261202028794535,2.5113546630621912,-0.015584838887065368,2.140630738043528,0.5188403365633028,0.1507447070251131,0.15107584688035502,0.20633494003826358,0.17615853751488555,0.5332697269315035
2023-04-15,2.6321536571111115,-0.12194889048928223,2.87461099367251,1.718842774012725,2.782479321830415,1.2290982792549516,3.0952849264671705,0.7737501886678128,3.3599250475107327,1.4172376105321423,3.5990396408945355,0.9951936099484272,0.5692865072521196,0.5694883567639111,0.5893481803085809,0.577242634419699,-0.6220226155362256
2023-04-16,2.2154913970364203,-0.5655905438209807,2.6057210362131227,0.5948474476180401,0.9553416315836105,1.7160757431842588,2.0573730033792508,-0.0815279494963664,1.255061590349624,1.9350956460468127,2.4336710572294145,-0.010035424491923213,0.5563371836684556,0.552470004320557,0.549328813732019,0.523198492809801,-2.2027157320735387
2023-04-17,1.9676037233210977,0.32169276284241627,2.2079879741377786,0.9695125564162683,0.8772927916919319,-0.06185766594610798,0.9051499877466803,-0.11373834197559786,1.1162707911722478,-0.012009049682858031,1.1066198505367604,-0.05806123148574514,0.40656137065336245,0.41830031704121245,0.4687260570686946,0.3932700386146464,-0.05459111298606683
2023-04-18,2.5635889814026176,0.7653344161741148,1.7766436673800112,0.22018233881981183,1.6565873888342788,0.8862322725169677,1.5774903187728118,1.088046997350476,1.9942536884131858,0.9851007876561927,1.8346065553500948,1.3048638866242868,0.4136624684931748,0.40817453359779066,0.37883046154983235,0.37474324003771364,0.16030000864550764
2023-04-19,2.9960738589485,-0.12194889048928223,2.028728002498187,0.5948474476180401,2.2286658951350486,-0.506939700840177,1.0607516441873808,1.4938375318942165,2.683299228214461,-0.4913761256382169,1.3026217353795508,1.8078409507116004,0.4971248237436763,0.48935577460329094,0.4689387287780266,0.4936497327032549,2.3385389799711462
2023-04-22,2.9960738589485,-0.12194889048928223,2.028728002498187,0.5948474476180401,2.2286658951350486,-0.506939700840177,1.0607516441873808,1.4938375318942165,2.683299228214461,-0.4913761256382169,1.3026217353795508,1.8078409507116004,0.4971248237436763,0.48935577460329094,0.4689387287780266,0.4936497327032549,2.3385389799711462
2023-04-24,3.576236499558829,-0.12194889048928223,1.5469668287167844,-0.15448276997841645,2.3894494876277546,-0.46074658591540524,2.1321501921111485,-0.04236117400534379,2.72242714612885,-0.4532801806783756,2.3503513494255284,0.009989736444289393,0.2495598971494507,0.24733514125991776,0.2503048154737838,0.25279811757657805,0.5176195370891005
2023-04-25,2.273507661097453,0.32169276284241627,1.4517349687832513,2.0935078828109535,0.7733407002452171,0.032046176809037465,0.478582929461539,0.5484696571595711,0.9689045326741818,0.07284076931933776,0.6166420827748856,0.6717129278760574,0.30802690655099263,0.3278105583678717,0.3449660744413188,0.26916555381214224,0.5904688349562562
2023-04-26,1.41908631765315,-0.12194889048928223,1.0315944102529584,0.5948474476180401,0.8172758738359235,-0.0979805592298876,0.22469765975012904,0.9280089989693416,0.9969865625576639,-0.08084993893439495,0.3245784390774879,1.0785050648828445,0.24367150698967108,0.24714845178991163,0.19895314746398907,0.20241895222011447,1.186131411302726
2023-04-29,0.82310105957163,-0.12194889048928223,1.6646061851052665,0.22018233881981183,0.671210389409068,-0.20517278023518057,0.6648659857679708,-0.20778426713025522,0.8582466843128033,-0.17825710237850045,0.8128675223404757,-0.1683530678393064,0.31584694298719,0.3147383977443921,0.34214193516199887,0.34440255873443815,0.013545025096833908
2023-04-30,1.4560057584192618,-0.12194889048928223,1.6141893180816314,-0.15448276997841645,1.0935605904878802,0.7243309140111032,1.2982385971405097,0.4199642107200424,1.328995729083953,0.8039280928653498,1.4996945949393163,0.5326090479173208,0.3242451213269942,0.33247351244834,0.34113111882555097,0.29513722530889097,-0.40793619396445835
2023-05-01,1.851571195199032,0.7653344161741148,2.1519692330004063,0.9695125564162683,1.2056504355605517,0.6748179614622108,1.3105942013234528,0.5407840743496141,1.531218802855109,0.8004630309344491,1.5952801891769524,0.7118818918195482,0.5275144414116765,0.5318950801228994,0.5501519595582468,0.5214290864616792,-0.2083361253561422
2023-05-02,2.40536280669071,0.7653344161741148,1.6029855698541569,0.9695125564162683,2.3753894150058934,-0.2880485091709702,0.6132354800152737,2.7631155501680973,2.953405783031129,-0.2419091885146942,0.8646226309660937,3.368816553494071,0.6755494164781451,0.6719106765134851,0.6385991804143859,0.65854853097871,3.5271370286878168
2023-05-03,2.1574751329753874,-0.12194889048928223,2.0007186319295007,0.5948474476180401,1.5985282358535364,1.67009976949238,1.2108514739509764,2.4642738108478146,2.032974078523642,1.9457978475490294,1.5267937120068442,3.0311855097087,0.6452308099379155,0.6378765412772922,0.7044973485273944,0.6894553435574224,0.7773496205437747
2023-05-06,1.7249902554295056,1.2089760695058134,2.1575711071141437,-0.15448276997841645,1.296627410385739,2.048675768570196,2.514983247075869,0.07222896387295204,1.6660927894238378,2.340813543961765,2.9777666598671435,0.18761380259936247,0.6050881557683186,0.6110128590432216,0.6449617916192117,0.6922675396973158,-2.4349154965009645
2023-05-07,0.6068586207986891,0.32169276284241627,0.19691516730610956,-0.903812987574873,-0.04776672379864153,-0.2866268755411765,0.0657973016869229,-0.5045746870741076,0.04927824991491715,-0.2723868970648805,0.15285464092145462,-0.5025165585445074,0.24243067332501747,0.23308417599406514,0.2428963290918137,0.4264610748409783,-0.22717591732239614
2023-05-08,0.6648748848597221,-0.12194889048928223,1.1548356407551776,-0.903812987574873,0.9364476977069004,0.44380154633086966,1.1719176260676067,0.06593923423312421,0.9736609092735456,0.39947140191467523,1.1515068964532311,0.0776355783187263,-0.21073093580281707,-0.2115167399398033,-0.20695855516099093,-0.21897526568135303,-0.46971707025426684
2023-05-09,1.0657145274632223,0.32169276284241627,1.675809933332741,0.5948474476180401,1.0574739851018473,-0.13561251281053383,1.0920643437705466,-0.2041972550129179,1.0232177200949066,-0.18789016952288645,0.9906355573700175,-0.21183939036136173,-0.41654967105562607,-0.4287823749411964,-0.4499303291885735,-0.3703117620199613,-0.06782661868674086
2023-05-10,1.3294248186497357,-0.12194889048928223,0.8635381868408412,-0.15448276997841645,2.002774145588426,-0.10740173289684955,2.0150592784240478,-0.13411067915406194,1.806266244694145,-0.1961830255326277,1.7227835950584862,-0.17194763867186227,-0.7038584776689768,-0.7084765844552754,-0.7656424374377412,-0.762904349842291,-0.022011855847721182
2023-05-13,0.4961002985003536,-1.0092321971526792,1.0988168996178052,-0.15448276997841645,1.7887716812278167,-0.3213837271519424,1.2889720400023121,0.528427849875673,1.4574024055881034,-0.40471594034482333,0.9316138062424558,0.41592240603468356,-1.0123208064752622,-1.0315384645992218,-1.0310771716539588,-0.9516892054345386,1.0018253155292058
2023-05-14,-0.04186869552013359,-1.4528738504843777,0.05126644034894131,0.5948474476180401,0.8273112791214203,-0.7705881194564694,0.13887097397501272,0.3751265592533257,0.717573323694827,-0.7798913652970739,0.030949065859155536,0.32202372673386787,-0.6627078883994483,-0.6594168164846697,-0.6414858389766182,-0.675766924103976,1.3778573321560061
2023-05-15,0.722891148920755,0.32169276284241627,0.8131213198172059,1.718842774012725,2.092534557324482,-0.5453057533372775,1.0858783657345386,1.171799204573285,2.1110269190915747,-0.565294111542197,1.0334330916214705,1.202562211568205,-0.28858330031894486,-0.29940678063666853,-0.34823989093813307,-0.28180880220785554,2.015867687121557
2023-05-17,0.9971498517547289,-1.0092321971526792,0.23612828610227024,0.22018233881981183,0.4160487564150342,-0.5842676375762769,0.13983690342241017,-0.14381351133593231,0.4763983399495808,-0.5949079133137851,0.16150037093717387,-0.13127943614736182,-0.07840775493084175,-0.07927288128718664,-0.13181471661720637,-0.11431141624662229,0.5529229783921779
2023-05-20,-0.09461075375743626,-0.12194889048928223,0.2025170414198468,-0.15448276997841645,-0.2089080774684346,-0.45888544322559843,-0.25373145871690717,-0.4132797876573004,-0.1884979427285618,-0.47147492281138953,-0.25001218110599155,-0.4155272739456676,-0.17264323206523816,-0.16874314426172646,-0.125217075281379,-0.13802107402540306,0.08937486658173686
2023-05-21,-0.16844963528965998,-0.12194889048928223,0.650666970518826,0.22018233881981183,0.752821666861821,-0.4717371632853113,0.2713936909769587,0.3343717147457956,0.8849800391050114,-0.4751222446115917,0.34153217886441195,0.39952826332779545,0.10922089550783269,0.11380998046122807,0.048930498329245696,0.06079147839064067,0.9637614843983285
2023-05-22,0.3747935645545574,0.7653344161741148,0.8355288162721549,-0.5291478787766447,0.41856300625335463,0.3380499647525602,0.8441571495054994,-0.37891027220525714,0.595172382599451,0.4028669809827456,1.0274599511948463,-0.3614516510776921,0.38201326395130036,0.3806477664082544,0.3808138254849593,0.35270022226664594,-0.850604733468365
2023-05-23,2.115281486385545,5.2017509494911,3.4291965309324968,1.3441776652144966,3.253534942798335,1.6370144777444533,3.8003754633248166,0.8032659997450354,4.072889665853066,1.9530176184019206,4.577400636553994,1.0832389083777763,0.8058496096597736,0.8061357506508513,0.8185418995271151,0.8021645573821111,-1.089464004051118
2023-05-24,1.4929251991853738,1.2089760695058134,2.0567373730668734,0.5948474476180401,1.1518275134181217,-0.1293348979987575,0.9918196718031257,0.14151413186436773,1.5893358120790149,-0.04883010611768869,1.3512375354640016,0.29022408374719266,0.8469295194263896,0.8341268631624696,0.8070479100869206,0.8534634396550773,0.321467765906881
2023-05-27,0.1321800966629652,-0.12194889048928223,1.3228918641672949,-0.5291478787766447,-0.02089728361608923,0.3912690477534549,0.4908932739515115,-0.47255193387348365,0.13853810430610863,0.5025048723991122,0.7025414235797,-0.4625594460115986,0.5766283106569366,0.5871202488291801,0.6090153824320896,0.5855761532561081,-1.023548674623839
2023-05-28,0.5171971217952747,1.6526177228375118,0.8691400609545784,-0.5291478787766447,0.739867268872898,0.18417380411007006,1.1306626859298956,-0.4826325871502196,0.8936050944474236,0.21097000898361307,1.2618229059514814,-0.4802227250807288,0.18286976824271084,0.18231466516446942,0.19907620484043706,0.2795893362343051,-0.7806010839259119
2023-05-29,-0.11570757705235732,-0.12194889048928223,0.6058519776089281,-0.15448276997841645,0.6268728074470704,0.2440126062721567,0.5298566136348166,0.4307944040961482,0.8310063185875356,0.3179743023761717,0.6913546253242222,0.5714792856537116,0.39200269749796945,0.39619214707149575,0.47202255268378074,0.4482114301682437,0.1948215244187724
2023-05-30,0.3642451529070969,-0.12194889048928223,0.3593695166044895,2.4681729916091815,0.20125577408645706,-0.6429328317618961,-0.11498159195825079,-0.1371332479129864,0.42247557669426655,-0.6324443797681181,0.04565764750514652,-0.05822253263638376,0.7075304668228866,0.6958245295589719,0.690814971188646,0.732992622390865,0.6326951494153668
2023-05-31,0.4908260926766233,-0.12194889048928223,-0.12239165717691314,-0.15448276997841645,-0.1811489033307942,-0.05042805466111859,-0.5117260165520247,0.521521809109362,-0.07896086955251229,-0.007466626673186354,-0.44118510164163355,0.6563677590660679,0.35946613900783303,0.38501977954754485,0.40318432795256015,0.34688095902649324,0.6608847618878414
2023-06-03,-0.15790122364219944,-0.5655905438209807,-0.25123476179286963,-0.5291478787766447,-0.46380211910897023,-0.2431858000494814,-0.42517079571909194,-0.3280524000896666,-0.4035940361259786,-0.22295453794385822,-0.3618028714995689,-0.30829464399375023,0.26837761855622316,0.2756169533788224,0.29071476543180164,0.2560161911351083,-0.07785033169587696
2023-06-06,-0.052417107167594124,-0.12194889048928223,-0.17841039831428554,-0.903812987574873,-0.38871429280938047,-0.5299029801497697,-0.4117128990138014,-0.5274910874256704,-0.32824311609976264,-0.5298690599023311,-0.358635826727301,-0.5311741890800658,0.2072021985333331,0.19237945524930972,0.1439156093661277,0.21460305204268312,0.04549827464148344
2023-06-07,-0.3003047808829166,-0.5655905438209807,-0.15040102774559932,-0.5291478787766447,-0.11509644352887342,-0.20557855400518185,-0.11234835382142183,-0.22492707298504347,-0.04352930855439854,-0.19746625227906084,-0.05479347912614395,-0.2024393558806128,0.1256544955284719,0.1298563708552869,0.1420665994849556,0.1108427477662131,-0.005642808404721236
2023-06-10,0.0847122442493928,-0.12194889048928223,0.5162219917891322,-0.5291478787766447,0.3622488873990232,0.8431694123893488,1.1055800560836317,-0.3917175428583983,0.457412295620929,0.8652707761500597,1.1983546238366753,-0.38882697332746635,0.07414288657653688,0.08458089197513387,0.09451760027728144,-0.01952909082055166,-1.4861139778706696
2023-06-11,0.04779280348328094,-0.5655905438209807,1.4349293464420396,-0.5291478787766447,0.2177445957106791,-0.05984067571934515,0.3730869651174567,-0.334325348981001,0.34680051033532844,-0.0343139027937276,0.4879557505435252,-0.31580781014091536,0.2733219034150995,0.26932071433796156,0.2595587347221647,0.244344719424886,-0.3103887942616834
2023-06-12,0.11108327336804413,0.32169276284241627,1.0540019067079074,-0.15448276997841645,0.5747149630179013,0.22224241588115093,0.9590262502647746,-0.43078261684340063,0.7440387316498372,0.2409924753062332,1.102555369972319,-0.4199633178610434,0.2894203518012204,0.2419124655333235,0.14131398570343917,0.359382570393334,-0.7678444273174307
2023-06-13,0.3958903878494785,0.32169276284241627,0.628259474063877,0.9695125564162683,0.40664599895329306,3.0218633373672743,0.33455052653817063,3.360049997216823,0.6031720145643148,3.3475905950337017,0.4943820208801694,3.985962498337049,0.4672219312248895,0.45557642190333647,0.5318062961229569,0.5256957691584037,0.14470179144847678
2023-06-14,0.5171971217952747,1.2089760695058134,0.4938144953341833,0.22018233881981183,0.7625708048433028,-0.31368257813065337,-0.1131145566237105,1.1901247989430896,1.0698718742794693,-0.2693587426529617,0.045469159720874786,1.5011438458353443,0.6726100736804315,0.6831954205269631,0.6497035638748846,0.6393775739942067,1.7522431590378165
2023-06-17,1.8462969893753016,-0.12194889048928223,1.4853462134656747,1.718842774012725,2.011771284749881,-0.459209016922754,1.0122169014338698,1.2514838600628104,2.6736851556696846,-0.41619893387362955,1.4135560393333682,1.6743671030299887,0.9550516047588498,0.9403750703780058,0.9126323021200707,0.9601773233179769,2.0015617785111397
2023-06-18,0.23766421313757052,1.2089760695058134,0.48821262122044606,0.22018233881981183,0.03770463917654675,0.12711840094642315,0.3551953704891665,-0.41681645752915764,0.23152886645245774,0.23258091088118893,0.5848949910546979,-0.391728929038134,0.7119597539211108,0.7184205331524091,0.7485134098258056,0.7685760430155867,-0.6348966485685248
2023-06-19,-0.020771872225212526,0.32169276284241627,0.16330392262368612,-0.15448276997841645,-0.17173388977652643,-0.29886185748208177,-0.1968747724171969,-0.2762553145659781,-0.012713425267399443,-0.24527083809021943,-0.043236613322460114,-0.22359709250248283,0.7217301049974546,0.7195428308304777,0.7471051530519753,0.7524861185728198,0.05005960422577485
2023-06-20,-0.34777263329648905,-0.5655905438209807,0.12409080382752544,0.5948474476180401,-0.43656878970306773,-0.3564784068077562,-0.5440697611408618,-0.19478376361567537,-0.32563167342010746,-0.3128899543813704,-0.4400472758303626,-0.13043731798839947,0.7058656735607279,0.7053976923496983,0.703971807315108,0.6853213824681654,0.21443214663099544
2023-06-21,0.9391335876936959,1.2089760695058134,1.8550699049723327,1.718842774012725,1.06595578475373,0.4122870837206761,0.7260687705849312,1.034326227840413,1.5433860352357989,0.5862414205675329,1.103329773163448,1.3859340952739616,1.004464577215034,1.0211536997100088,0.9247350625508877,0.8871318596923226,0.6810956973522282
2023-06-24,0.44335824026305093,0.32169276284241627,0.6002501034951908,1.3441776652144966,-0.20535001708326267,0.6396862205018771,0.116143892149352,0.12449997841469523,-0.012153603587461304,0.8741839079531899,0.3778375507758474,0.28735925777873983,0.9918459841336387,1.0143575289279074,1.0410746540753189,0.9991452403950332,-0.6432128557903778
2023-06-25,0.5171971217952747,1.6526177228375118,0.4714069988792343,2.4681729916091815,-0.15790580747749075,-0.15041470280684538,-0.25212926558574944,0.0029361682685848083,0.05793487302861283,-0.046435558232829056,-0.05115574792683927,0.14270586270201943,1.0699888605219796,1.0627635988779902,1.0626410123726646,1.0608487448602621,0.1882344295895819
2023-06-26,0.7861816188055182,-0.12194889048928223,1.04840003259417,1.718842774012725,0.28087660375053963,-0.4954972606420845,-0.10096510304229785,0.13499150577575333,0.6629248939256138,-0.4438983074475483,0.18055825836446954,0.33611193276359214,1.3488863097452952,1.340448031691147,1.2043539916726511,1.286728125758459,0.7639979063438977
2023-06-27,0.07943803842566254,2.0962593761692103,0.39298076128691295,0.9695125564162683,-0.4601244159158003,1.5370406585118295,0.48253249466876325,0.002839043330335385,-0.2958361338061446,1.994981050332284,0.8761083837980892,0.15654667350677093,1.2482948824322166,1.2429851083700023,1.2371434792488751,1.1980793324509158,-1.8857923802171872
2023-06-28,-0.2000948702320416,2.0962593761692103,0.30335077546711714,1.3441776652144966,-0.11961777442429324,1.189600906680131,0.7619448152116061,-0.26222355778035206,0.12121487280823881,1.5576016967394515,1.19428174628009,-0.18553868249658026,1.168827037968764,1.1704224168958697,1.1713910565979657,1.127211237197857,-1.7631760626134974
2023-07-01,-0.35832104494394956,0.7653344161741148,-0.00475230078843109,-0.903812987574873,-0.3260982079025458,0.5679564413280197,0.2962000906970926,-0.47624420704955206,-0.1440577185163906,0.8052364169461899,0.613935452741991,-0.4550632207454491,1.1120616671525934,1.1050571722960343,1.1094983190670644,1.1699751150195015,-1.244941048625394
2023-07-02,-0.5007246021846667,0.7653344161741148,-0.1335954054043876,-0.5291478787766447,-0.7182018316842651,0.013493667882257344,-0.5190639267736382,-0.3331512050939962,-0.6292501318618737,0.15333713813543165,-0.3625890999273624,-0.276303359074754,1.1284596456457128,1.1244512491407637,1.1230033935548915,1.1012757607715258,-0.3991697518034824
2023-07-03,-0.6378539536016536,2.539901029500909,0.05686831446267855,-0.15448276997841645,-0.6960139270351593,1.086596137940671,0.17907004927542367,-0.3618193341185393,-0.6002356029408537,1.4363736105586846,0.48743929714998474,-0.31051045318564174,1.150106226652388,1.1665265172919095,1.1754476372133893,1.1487645553925212,-1.7509554834033494
2023-07-04,-0.35832104494394956,0.32169276284241627,-0.11678978306317589,-0.5291478787766447,-0.29301638786762535,-0.479485351654645,-0.3627915508829161,-0.39196671154814816,-0.08372769832558276,-0.4223598867684504,-0.15574657624748897,-0.3461252449833061,1.2564806495955554,1.256104999541852,1.2524465080545195,1.2234997642437968,0.1391681646221107
2023-07-05,-0.5534666604219695,0.32169276284241627,-0.26243851002034413,-0.903812987574873,-0.5147930084425679,0.3654121358217219,-0.030703955674804218,-0.4525319924133801,-0.36573193681746297,0.5877665769615985,0.2450316718975624,-0.42251852750172364,1.2393673217235255,1.2253537753961108,1.2249029056500305,1.269498052065277,-0.9687794337608115
2023-07-08,-0.6589507768965748,1.2089760695058134,0.05686831446267855,-0.903812987574873,-0.44131481562814245,0.2507544376802928,-0.037656136513101034,-0.43509120114595223,-0.27364095841392044,0.4542992221320986,0.23927497270050943,-0.40155082349191523,1.2340120519204778,1.2393408095925114,1.247749727300545,1.2148180594084474,-0.8078341661386157
2023-07-09,-0.7064186293101471,1.2089760695058134,-0.02715979724338005,-0.5291478787766447,-0.6341419620317272,0.4924630391656609,-0.055659566382731354,-0.48107655410810846,-0.5165577114205746,0.7432001058343204,0.21632942250256393,-0.4594200087107858,1.2355074675921518,1.234441518087012,1.2411541741032426,1.2618834252152669,-1.1577075911986086
2023-07-10,-0.6905960118389564,0.7653344161741148,-0.11118790894943865,-0.5291478787766447,-0.813637397883605,1.2673075339252367,0.2511818800883843,-0.49896940856979666,-0.7457682396195863,1.6609288414317736,0.5821662369185215,-0.48422625039864936,1.1729197027238392,1.1973106680871817,1.2048082865456051,1.1524268980266845,-2.1305543418046793
2023-07-11,-0.6325797477779234,1.2089760695058134,-0.08878041249448969,-0.903812987574873,-0.7251796336960941,1.7016774263782297,0.6604962354111683,-0.5927656565271742,-0.6452762651529268,2.0984355358697693,1.018725123132678,-0.6032282652290031,1.0091999252740618,0.9991529529470412,1.0003921585985611,0.904790671662276,-2.7721175234493787
2023-07-12,-0.25811113429307453,2.539901029500909,0.16330392262368612,-0.15448276997841645,-0.6387213634607851,1.9128688944609367,0.5837503960340608,-0.08243309289994741,-0.5715064808400445,2.1645069448811562,0.8081921206444942,-0.013486018849389549,0.5890979424582689,0.5936849811543984,0.5840221449782407,0.49568568343038133,-2.4456177737114766
2023-07-15,-0.06296551881505466,1.2089760695058134,-0.2848460064752931,0.22018233881981183,-0.40674183766914845,-0.14450294959097185,-0.21096192485378773,-0.49604752430183235,-0.2951700905205193,-0.08280713920335353,-0.07039743509501824,-0.48800558578751757,0.6665952424386281,0.6528561440082437,0.6445992383089622,0.7085105449457885,-0.39205650693518723
2023-07-16,0.02669598018835987,1.2089760695058134,-0.4641059781148848,0.9695125564162683,-0.35020185653825486,2.396636754389824,0.12473213788902969,1.7374426407572028,-0.2751239347876356,2.5156979804426842,0.22567608403939457,1.9735801443276135,0.297168018100523,0.2799833851379354,0.2317591195776093,0.20196857298337048,-0.9502602371014038
2023-07-17,-0.3055789867066469,0.7653344161741148,0.36497139071822676,0.5948474476180401,0.5881435550629142,2.5451889160945336,1.4516575683879527,1.2207659371844273,0.7319843476713724,2.6456295275010278,1.5991370584103433,1.3979588585415548,0.19365837396202856,0.18182623156877242,0.185663801328885,0.18836389444588258,-1.7261773787315955
2023-07-18,-0.5534666604219695,0.7653344161741148,-0.46970785222862205,0.22018233881981183,-0.33274421998097525,0.2435341353279046,-0.28558756661373896,0.1781419292575926,-0.222896640005453,0.33858738159506835,-0.16834041741892636,0.2993643943965473,0.5564766583439464,0.5636897909882278,0.5999000962462293,0.5841938162949738,-0.09473268200721542
2023-07-19,0.10580906754431386,1.6526177228375118,0.5554351105852929,2.0935078828109535,0.24883538433347557,2.253808188508809,0.7942123483174411,1.462576522973685,0.5249046438486766,2.7072355064961866,1.1497100995117946,1.921685955665945,0.9157343037200415,0.9163399705736622,0.9332985086168263,0.9219849073364341,-1.090373233363977
2023-07-22,-0.5112730138321273,0.32169276284241627,-0.4248928593187241,0.5948474476180401,-0.43106317785306864,0.7486055933267891,0.08940271355423159,-0.10568866777408807,-0.3213990920502522,0.9129198319879018,0.27421003655255166,-0.02620332785452847,0.6857915625219382,0.6804313625817197,0.6806284883784501,0.6657713562717459,-1.0414220089710937
2023-07-23,-0.33195001582529826,0.32169276284241627,-0.19521602065549726,0.9695125564162683,-0.5704931554236604,1.365647804889401,0.3074650822784548,-0.06803978726041902,-0.46313298590001667,1.7365774221526429,0.6154501238802585,0.041122725154590936,0.9289013813693087,1.057130848088038,1.083212075036491,0.9190739227604042,-1.7565434187243179
2023-07-24,-0.1948206644083113,0.7653344161741148,-0.37447599229508893,0.22018233881981183,-0.6417203125773612,0.026219474535588084,-0.3550387114760692,-0.4719020612500137,-0.5469241303822822,0.145718900683716,-0.1900292508422571,-0.45410760883361984,0.9601137058679567,0.9511321586166439,0.9497198400196007,0.9523950234206074,-0.5741493855630839
2023-07-25,-0.4321599264761733,-0.5655905438209807,0.3425638942632778,0.5948474476180401,-0.6826150997862825,0.14448494812856252,-0.33927169443522276,-0.44405313785646444,-0.6077976523929793,0.2521690359847437,-0.19868302843748994,-0.42444472288052243,0.7972566334105116,0.7650184430310804,0.7492585990741641,0.7698382736027478,-0.6875186600266822
2023-07-26,-0.47435357306601544,-0.5655905438209807,-0.8394315437352798,-1.2784780963731013,-0.7988542158026726,-0.45570814908040097,-0.7376840117144664,-0.595120554899075,-0.7525518115866775,-0.42467975746583264,-0.6630880620074576,-0.6061142760213286,0.6613555314552508,0.6675643347006635,0.6817059898341928,0.7698382736027478,-0.1233532586626637
2023-07-29,-0.2950305750591864,-0.12194889048928223,-0.7778109284841702,-0.15448276997841645,-0.6721892504102945,-0.13421321099243805,-0.6097961792707247,-0.2530404202942456,-0.6060217164450569,-0.07541981681892024,-0.5217755182532153,-0.20607445509871028,0.6468192858221363,0.6364275382439037,0.6067417092556673,0.5750737281708823,-0.12563713524750095
2023-07-30,-0.6589507768965748,-0.5655905438209807,-0.6209584532995275,-0.15448276997841645,-0.818574268678023,0.0649499631938022,-0.6260718568609563,-0.26663791164916484,-0.7831749360512328,0.13027171001532112,-0.5531994269902821,-0.22719312912883,0.49540058689266425,0.504957906769379,0.5103937831986098,0.48172746143332323,-0.38602768007201677
2023-07-31,-0.7591606875474498,-0.12194889048928223,-0.7554034320292212,-0.15448276997841645,-0.8545569890893064,-0.5799105585705254,-0.9506740828477763,-0.4541937950217524,-0.8246705224780894,-0.5696125696813138,-0.9126045722422065,-0.44406222741329426,0.4810954591182555,0.48035363746606274,0.479392586835606,0.4602915304987161,0.19113205055965665
2023-08-01,-0.5640150720694299,-0.12194889048928223,-0.8338296696215426,-0.903812987574873,-0.7970023785842438,-0.6588919996621341,-0.8700116740396102,-0.578898656181301,-0.7603923262055445,-0.6549303707963959,-0.8251281519853375,-0.587315916293543,0.46018013176512096,0.4600653357468711,0.47404614419203195,0.51273570509668,0.14499260467763786
2023-08-02,-0.5640150720694299,-0.12194889048928223,-0.8338296696215426,-0.903812987574873,-0.7970023785842438,-0.6588919996621341,-0.8700116740396102,-0.578898656181301,-0.7603923262055445,-0.6549303707963959,-0.8251281519853375,-0.587315916293543,0.46018013176512096,0.4600653357468711,0.47404614419203195,0.51273570509668,0.14499260467763786
2023-08-05,-0.5587408662456997,0.32169276284241627,-0.6993846908918488,-0.15448276997841645,-0.7420664865157048,-0.6571216096539083,-0.873903715637059,-0.47449544965353235,-0.6939458113826391,-0.6521091421751047,-0.8249057174702992,-0.4670251780993572,0.5331139513311632,0.5352397077871951,0.5153176922581123,0.4789020800690615,0.2627118143701936
2023-08-06,-0.10515916540489678,1.2089760695058134,0.0008495733253061505,0.5948474476180401,-0.07631875039806427,0.4047707660770574,-0.27215857771234575,0.7741575031994242,0.09618803563520001,0.5384013949706925,-0.13389201752243587,1.0287586867752048,0.7028269358933478,0.6879401761183827,0.7193327667571607,0.7192624050614808,0.39155959375777455
2023-08-07,-0.5692892778931602,-0.5655905438209807,-0.492115348683571,-0.903812987574873,-0.8066301228873667,-0.1499766191816215,-0.6103865992654761,-0.5031574765877141,-0.7608515143175664,-0.08645631934492672,-0.5192226669585288,-0.4970629313981348,0.67712994845337,0.667874966010461,0.667960445100698,0.6713611526045368,-0.39349422213638113
2023-08-08,-0.7644348933711801,0.32169276284241627,-0.8562371660764916,-0.15448276997841645,-0.927556027048286,-0.36462856778765323,-0.9031741810741857,-0.4337228073824486,-0.9055307084080421,-0.3305862025203077,-0.8555800880626546,-0.41817093633183816,0.552143839258846,0.5674730650121959,0.5784010734579397,0.5459237314765024,-0.04994510886718033
2023-08-09,-0.7697090991949104,-1.0092321971526792,-0.9794783965787108,-0.903812987574873,-0.8157428194926443,0.20843375393293384,-0.38216357546837226,-0.5329056756061933,-0.7802475644908192,0.28531030834812626,-0.285010350140197,-0.53408797779471,0.48911512441878846,0.49780460268806953,0.5075690081157359,0.5061299948050556,-0.8681498809987753
2023-08-12,-0.7064186293101471,-0.5655905438209807,-0.7217921873467978,-0.903812987574873,-0.8316220464195297,-0.30513091968512274,-0.6954561341768978,-0.5646101030929735,-0.8053389796279253,-0.2844140011370875,-0.6453965601729382,-0.5715965569325723,0.32864100650363826,0.3285383724325167,0.3356438238507455,0.3512022127217214,-0.273377847171323
2023-08-13,-0.5956603070118116,-0.12194889048928223,-0.8450334178490171,-0.903812987574873,-0.8732644552725757,-0.03405218465749525,-0.553032640339128,-0.595090044447269,-0.854080394867696,-0.006125384245919102,-0.49954464821325045,-0.6060794966241488,0.2599606318242722,0.2633611523163814,0.2700444181643757,0.4016080455817894,-0.641541555666163
2023-08-14,-0.6536765710728445,0.32169276284241627,-0.9290615295550757,-0.5291478787766447,-0.9317172622728043,-0.19411995887947808,-0.7159724989994611,-0.5845003751329012,-0.9182316753160188,-0.17663577178186085,-0.6749917325666162,-0.5942003913116207,0.26111585246868424,0.24011038156751865,0.2369983799695459,0.2952225239930343,-0.43265415051853423
2023-08-15,-0.585111895364351,-0.12194889048928223,-0.7834128025979075,-0.903812987574873,-0.9058315194213776,-0.6565542866077941,-0.9689522828534408,-0.5937384314322587,-0.8958131730681032,-0.6611971716895256,-0.95086256042914,-0.6046163592619477,0.0706907448079939,0.07106650451322061,0.07843413546728556,0.07167895777043516,0.12507773810318004
2023-08-16,-0.9121126564356276,0.32169276284241627,-0.654569697981951,-0.5291478787766447,-0.924313998763265,-0.6170740192504441,-0.9639065570822716,-0.5924803838027871,-0.9152803645372092,-0.6218034385760338,-0.9458364099853356,-0.6032335967218654,0.07926082900933953,0.06688884514383316,0.054550564770887315,0.1146781904525776,0.07800044875523218
2023-08-19,-0.922661068083088,0.32169276284241627,-0.6881809426643744,0.5948474476180401,-0.8947916981721507,-0.49470566918913117,-0.9247455347399918,-0.47827264358712773,-0.8879530399918855,-0.5016872449302457,-0.9106921018906966,-0.4818993457732427,-0.04648671872991231,-0.036071752797491745,-0.021150730477993446,-0.050160906448469246,0.058761810532919984
2023-08-20,-0.9437578913780091,-0.5655905438209807,-0.8674409143039661,-0.903812987574873,-1.023214245595193,-0.5061747175032894,-1.0048811791215844,-0.5747802536950074,-1.0223110135000884,-0.5133564324544034,-0.9920912380579462,-0.5843315573590695,-0.03859603573466593,-0.035133445226668,-0.02568679504463927,-0.003929791519666849,-0.037970377788511825
2023-08-21,-1.0070483612627723,-1.0092321971526792,-0.9850802706924481,-0.5291478787766447,-0.9627838305222743,-0.7312584730418482,-1.0835831132290774,-0.5733055818577125,-0.958346947118054,-0.7380690981875525,-1.0716253637628659,-0.5827108124721317,-0.010651967030692234,-0.017483688692192568,-0.0225540334566771,0.007249963717245521,0.2403554013878594
2023-08-22,-0.9173868622593578,-0.5655905438209807,-0.8226259213940682,-0.15448276997841645,-0.8827877309774953,-0.5447393805810228,-0.9082558226017122,-0.5396179750035356,-0.8800321749604202,-0.5570580558232979,-0.9012370550346201,-0.5483387525278861,-0.17775104156766278,-0.1708663012828409,-0.15563781675507748,-0.18002038894864927,0.04980616458429713
2023-08-23,-0.9701289204966604,-0.5655905438209807,-0.9626727742374992,-0.15448276997841645,-0.9260674954297539,-0.4741371203254477,-0.8943339410439688,-0.5637217404378859,-0.9233054514740324,-0.4857217541696485,-0.8849324343332453,-0.5731503058845141,-0.13901357482056592,-0.12726330009206682,-0.1107487585934714,-0.12774036106398146,-0.06464577599750321
2023-08-26,-0.7486122758999892,0.32169276284241627,-0.7666071802566957,0.9695125564162683,-0.6331530120895188,-0.6393046250783717,-0.8624387054125688,-0.28560219147677735,-0.5976139529762167,-0.6445089917689083,-0.8349356611679181,-0.26974792998270225,0.1666871813990156,0.16594493660181214,0.045533619230610785,0.08908626570962687,0.45773653829883715
2023-08-27,-0.7327896584287985,0.7653344161741148,-0.7554034320292212,0.22018233881981183,-0.7585144544981715,-0.3623540490089692,-0.7784483951799805,-0.3539257717287707,-0.7218043029360092,-0.3426637704603121,-0.7318658377689368,-0.3327224607033425,0.37183704489219704,0.36524025081210254,0.3671502182089989,0.363831772079704,0.03889716471691167
2023-08-28,-0.6694991885440352,0.32169276284241627,-0.35206849584014,0.5948474476180401,-0.07360023235096662,-0.6070793456532813,-0.5528197737831568,0.18476168028445641,0.07468644924926186,-0.59719173705152,-0.4728212675714029,0.3125672760426368,0.5578273994584216,0.5007905535948102,0.5368925096019234,0.625273719282692,0.958289757576563
2023-08-29,-0.8171769516084827,-0.12194889048928223,-0.8058202990528565,0.22018233881981183,-0.8918414816139543,-0.28590798126247396,-0.8645221112793103,-0.3545507274832657,-0.8647596528572615,-0.24909423165663452,-0.8154432374964973,-0.3262593302317542,0.5467270012618186,0.5199347611259895,0.5208680243677384,0.5390307662420428,-0.055774220621167894
2023-08-30,-0.9173868622593578,-0.5655905438209807,-0.7834128025979075,0.22018233881981183,-0.9103613128568753,-0.738481626263815,-1.0714216877288791,-0.5108639082064054,-0.8871661246101834,-0.7404528590086222,-1.0446588075853007,-0.5087584160047935,0.5082229441707521,0.5064773503839931,0.5030931604970685,0.49299989254074345,0.32093986398085367
2023-09-02,-0.8857416273169763,0.32169276284241627,-0.6769771944368999,0.22018233881981183,-0.7992146032853008,-0.31868918025536475,-0.7148468466355805,-0.48887909364998877,-0.7599908060243679,-0.2872331056915594,-0.6517873069646304,-0.482986343875649,0.5190598150257896,0.4977804934470268,0.487133987364951,0.5134301299211637,-0.16974614418616019
2023-09-03,-1.001774155439042,-0.5655905438209807,-0.8786446625314406,-0.15448276997841645,-0.9297431559408361,-0.5933581103721371,-1.0038737859554656,-0.5069580618676942,-0.908825131388839,-0.5827351885696882,-0.969813268630445,-0.5035056612871595,0.5236248604797393,0.513734835927702,0.5223021248786541,0.5423080402263122,0.14706567086944872
2023-09-04,-0.901564244788167,-1.4528738504843777,-0.9458671518962875,0.22018233881981183,-0.870813820390703,-0.6743270827048645,-0.9605091601292881,-0.5664412387088698,-0.8402101309440528,-0.6699573314307145,-0.9200013630127393,-0.5725852116506139,0.5589111750661196,0.5551059699776844,0.5571197483207497,0.5731318013477561,0.17826852884889346
2023-09-05,-0.8329995690796735,1.2089760695058134,-0.8002184249391192,0.22018233881981183,-0.6677154848263471,-0.13192823902529965,-0.4562761767086508,-0.5101504721416726,-0.6043733955549131,-0.07695204845698314,-0.35649177125057685,-0.5063006009671571,0.5969559900184486,0.5781986019273819,0.5684406901329458,0.6059808354490668,-0.4237066800422171
2023-09-09,-0.8488221865508644,-0.5655905438209807,-0.772209054370433,-0.15448276997841645,-0.7654654098311326,-0.12594283834531583,-0.5208083229401292,-0.5617014400207919,-0.7264708562797104,-0.07720269980433224,-0.44156070695604066,-0.5673311406128858,0.42816527176755964,0.4661354011331691,0.5046769342971901,0.5226177438129977,-0.49026320008318874
2023-09-10,-0.9859515379678513,-0.12194889048928223,-0.957070900123762,-0.15448276997841645,-0.9693773164898754,-0.33815301715739365,-0.9034142034459393,-0.4778475312919627,-0.9559084458874674,-0.3109882938573034,-0.8628329190899878,-0.4716426045799607,0.43671858573198935,0.44035823003845137,0.44957031174126233,0.44120368725927056,-0.133156233919545
2023-09-11,-1.059790419500075,-1.0092321971526792,-1.0130896412611343,-0.15448276997841645,-1.0006064238711867,-0.24235999816158652,-1.0101783151872548,-0.24382067026597182,-0.9915808876879996,-0.20356196453967998,-0.9777772339407262,-0.20249192185482032,0.40740648761380227,0.4872885282388747,0.5011910785049793,0.45463194159890463,0.017865178248106198
2023-09-12,-0.8751932156695157,-0.5655905438209807,-0.9234596554413385,-0.5291478787766447,-0.9219786295134881,-0.531880058202434,-0.9537739338192308,-0.5148806091866786,-0.8982025436103962,-0.5132875543340641,-0.9112214676790547,-0.512295988194874,0.584443541140678,0.5827048996644059,0.5867760688831208,0.5738316601655897,0.06240982306819952
2023-09-13,-0.9595805088491999,-1.4528738504843777,-0.8674409143039661,0.22018233881981183,-0.9184468321837304,-0.6553512196456825,-1.0580519744253765,-0.4592692086796974,-0.8941672777424722,-0.6483301667883447,-1.0273871647075428,-0.44747859308701776,0.5832983559548917,0.5903321503097142,0.5983067146697291,0.5649777201590708,0.2780215541872936
2023-09-17,-0.801354334137292,0.32169276284241627,-0.8674409143039661,-0.5291478787766447,-0.9522144097766886,-0.22965367245037527,-0.8983191300095311,-0.3406949143030548,-0.9342135615650794,-0.18446461558217905,-0.8514657939116316,-0.30959546996928894,0.5350828036721007,0.5442930163932824,0.5605689114923068,0.5516289395953472,-0.10900004910533447
2023-09-18,-0.8699190098457854,0.32169276284241627,-0.8058202990528565,-0.5291478787766447,-0.9839824934174448,-0.07134108359886639,-0.8327185630259283,-0.34086678984822916,-0.9701975711190511,-0.011177162299758488,-0.7780576254540101,-0.3092760982029891,0.5542253428109755,0.5532190712612255,0.5646158255185074,0.5636414353184724,-0.3037666616940398
2023-09-19,-0.9543063030254697,-0.5655905438209807,-0.8338296696215426,-0.15448276997841645,-0.9914817629851094,0.3457097761649615,-0.6860283941321211,-0.16305797881263084,-0.9781461074551386,0.4497380958717503,-0.6119104348331756,-0.10018937097009803,0.592040226197159,0.5877636613138113,0.5942381253857834,0.5840056276895021,-0.6121373015939795
2023-09-20,-0.9490320972017394,-0.12194889048928223,-1.0579046341710323,0.22018233881981183,-0.8924811329191538,-0.38838011253569105,-0.974800127183256,-0.2732861390977143,-0.8657247229922321,-0.358529045907399,-0.9364490274178537,-0.23222694849277462,0.5398556268937292,0.5422105499370136,0.5483600876393813,0.5298501964368956,0.16348902680705102
2023-09-23,-0.9912257437915816,-0.12194889048928223,-1.0579046341710323,-0.903812987574873,-0.975068228786408,-0.6686220175334295,-1.0455013155656312,-0.5939962447500202,-0.9601226514084191,-0.6643225295125197,-1.0150648656372205,-0.6048100704335969,0.5467155180956162,0.5371377182324534,0.5280462086707665,0.5196651755192119,0.1396131439004656
2023-09-25,-0.7591606875474498,0.32169276284241627,-0.7498015579154841,0.22018233881981183,-0.6856525680507994,0.26222538657416994,-0.20251208617519423,-0.561502105068992,-0.6421650933916629,0.32477197999066604,-0.10771234619875711,-0.5682171239495314,0.34658406988715973,0.3743582579324398,0.39575430410440315,0.3272921018812466,-0.9671005421265986
2023-09-26,-0.9543063030254697,-1.0092321971526792,-1.0018858930336598,-0.5291478787766447,-0.9444387945037211,-0.6285601727820731,-0.9903350057988664,-0.5938177586069545,-0.9300027604907685,-0.6257307523286814,-0.9617973104163482,-0.6046409102176267,0.3486749261617826,0.3439743518647007,0.342941947620343,0.3487625861508204,0.09058133270914002
2023-09-27,-0.5956603070118116,-0.12194889048928223,-0.9962840189199226,-0.5291478787766447,-0.7182937523782148,0.024301314454211978,-0.3638985153735702,-0.5919617061220833,-0.6853207793629627,0.055539979002971564,-0.29924455206547296,-0.6025717985564887,0.23763466955898596,0.2559628937057002,0.27508848156371046,0.29304799157560535,-0.7096665984652202
2023-09-30,-0.8435479807271341,-1.4528738504843777,-0.8730427884177033,-1.2784780963731013,-0.9104637387729907,-0.686715536458077,-0.9913292590541228,-0.595120554899075,-0.8969391377863823,-0.6902457778638997,-0.9693162453622826,-0.6061142760213286,0.19457930726773529,0.18575426347624066,0.1683557568757887,0.29304799157560535,0.16055928791006088
2023-10-01,-0.8646448040220551,-0.5655905438209807,-1.0186915153748715,-1.2784780963731013,-0.8477533986783917,-0.6684828000690146,-0.9173740447461742,-0.595120554899075,-0.8310257807015694,-0.6722303979770627,-0.8941319918480656,-0.6061142760213286,0.1397528132269972,0.13602039875908856,0.13133536603383675,0.29304799157560535,0.13815090228235452
2023-10-02,-0.9332094797305486,-0.5655905438209807,-1.0803121306259813,-0.903812987574873,-0.9386343674454538,-0.6498713731709462,-1.02873245332103,-0.5396423833649805,-0.9295270993511164,-0.6536008154259078,-1.0110415938025779,-0.5458159513222888,0.11935474302605553,0.11732400555721041,0.11336609222721372,0.08992443281924685,0.17898738644949042
2023-10-04,-0.9437578913780091,-1.4528738504843777,-1.1139233753084046,-1.2784780963731013,-0.9355125655918846,-0.7839453937214298,-1.076146215678967,-0.595120554899075,-0.9261968934630724,-0.790462539838496,-1.060415841727669,-0.6061142760213286,0.11843552279577309,0.11671661517550105,0.09955442473012206,0.08992443281924685,0.2800566628291135
2023-10-07,-0.11043337122862705,-1.0092321971526792,0.09608143325883924,-0.15448276997841645,1.3806618924180432,-0.7892537128765286,0.5099111049397207,0.6732548625088757,1.7122367758085095,-0.7956011524532678,0.6842827600338984,0.8712967006526171,0.4815811472498694,0.44769274457719777,0.337096521325231,0.5478785750336298,1.7431637130799924
2023-10-08,-0.37941786823887064,-0.12194889048928223,-0.32405912527145375,-0.5291478787766447,-0.3232174425353337,-0.038138906198222494,-0.015615250032477806,-0.5768580154630029,-0.2365559008966513,-0.004698340981816715,0.0888403007920056,-0.5855872894593434,0.3653424185359397,0.34528063943254006,0.31735593186187844,0.30802499178522363,-0.6155815112839232
2023-10-09,-0.5534666604219695,-1.4528738504843777,-0.5313284674797316,0.22018233881981183,-0.6903822525191721,-0.7936549803607463,-0.9042376378599842,-0.4777254894847383,-0.6401700266621612,-0.8002148527540918,-0.862326167495807,-0.4727685344350718,0.4541447255893861,0.4660220653753747,0.41839174883989844,0.3778311310884364,0.42680463883009667
2023-10-10,-0.7064186293101471,-1.4528738504843777,-0.8898484107589151,-0.5291478787766447,-0.7311947488211289,-0.7936830139116012,-0.9022727831890237,-0.5522965932515611,-0.6806250416521606,-0.8001922775536464,-0.8556988798771749,-0.5563511298988061,0.5477584227862177,0.5471115865298065,0.5429874100783846,0.5316226264237555,0.34120277209061267
2023-10-11,-0.8751932156695157,-1.0092321971526792,-0.8898484107589151,-0.5291478787766447,-0.8426700383971077,-0.5274327016600312,-0.9028503552709318,-0.4606009899010337,-0.8070070790949706,-0.5106823980164807,-0.8555390663240583,-0.4496263124501968,0.5802539669309112,0.5616663517567294,0.5336870900849042,0.5390883031338921,0.1192778244645701
2023-10-14,-0.9595805088491999,-1.0092321971526792,-1.0018858930336598,-0.5291478787766447,-0.9584965326317678,-0.5693822972172602,-0.9702061223477348,-0.5900354795980581,-0.9448757831932446,-0.5596696034457833,-0.9372190611029333,-0.6003494283811894,0.38249893564103266,0.4093444755397079,0.44017097237578406,0.36494925804719447,0.022194090833991775
2023-10-15,-0.980677332144121,-0.12194889048928223,-0.934663403668813,-1.2784780963731013,-0.9409460999453579,-0.44541318388764,-0.8735398861051796,-0.595120554899075,-0.9264178689833426,-0.43131581773644495,-0.8358163175437228,-0.6061142760213286,0.3369343214591026,0.34598372110472586,0.3575821495160603,0.36494925804719447,-0.1360059699804005
2023-10-16,-0.7960801283135617,-0.5655905438209807,-1.0074877671473972,-1.2784780963731013,-0.8333565753237749,-0.32921744160863,-0.6944741448384463,-0.595120554899075,-0.8067476690518101,-0.3060219807494383,-0.6413586460574244,-0.6061142760213286,0.3404592217092325,0.36215448242956344,0.3871812255911897,0.36494925804719447,-0.2788127843677128
2023-10-17,-1.0334193903814237,-0.5655905438209807,-0.9850802706924481,-1.2784780963731013,-0.9112274100620906,-0.6155820641710483,-0.9483786864191212,-0.595120554899075,-0.8908153207123034,-0.609674406737427,-0.9129438419045209,-0.6061142760213286,0.42138856393055746,0.4203108904454157,0.4243344619860795,0.36494925804719447,0.073134874808706
2023-10-18,-1.0175967729102329,-0.5655905438209807,-0.9514690260100247,-0.903812987574873,-0.9603865971864105,-0.37009701078407575,-0.8505035783772232,-0.5885099570077531,-0.9465614893074294,-0.34888906399634534,-0.8078773262293296,-0.5985890484965802,0.40155912420299955,0.39491226828636694,0.3965234417951067,0.3924433486981407,-0.22097949327695815
2023-10-21,-1.0334193903814237,-1.0092321971526792,-0.9738765224649737,-0.5291478787766447,-0.9572175218330957,-0.6332455769342776,-1.0373729667061382,-0.539184726587889,-0.9425373080181607,-0.6285657180872697,-1.0099560622553627,-0.5422212088130459,0.42198325630330485,0.41993516888722326,0.4246677486557857,0.41535509090726247,0.15907952742272322
2023-10-22,-1.0228709787339632,-1.0092321971526792,-0.9738765224649737,-1.2784780963731013,-0.950507019363038,-0.7269702900509096,-1.0561364674196547,-0.595120554899075,-0.9332555384844031,-0.7283289999587437,-1.02836614410159,-0.6061142760213286,0.4938194760881694,0.4873118522100391,0.4724884966926092,0.41535509090726247,0.2100331585682036
2023-10-23,-1.0175967729102329,-0.5655905438209807,-1.0018858930336598,-0.903812987574873,-0.8776880292395093,-0.6734813247299204,-0.9525107503883234,-0.5914440454564398,-0.8520733709752638,-0.6708547751923719,-0.9159809132232308,-0.6019147589675479,0.44931942913252493,0.4515024606043617,0.4638723828630492,0.41535509090726247,0.14851623324140875
2023-10-24,-0.7538864817237195,-0.12194889048928223,-1.0242933894886088,-0.15448276997841645,-0.5763463150403075,-0.6509133660018745,-0.7073827932696877,-0.4690615381868657,-0.528274014180251,-0.6500797979679432,-0.6646908821031066,-0.46395278153600134,0.25744270808375525,0.25383075956477086,0.3117721114389634,0.3300259402510327,0.261321984078219
2023-10-25,-0.7644348933711801,-1.4528738504843777,-1.0410990118298205,-0.15448276997841645,-0.8716816684662793,-0.7773313762993947,-1.0661119957483847,-0.49428554571002997,-0.8549416505724122,-0.7834642013015923,-1.0479421047880744,-0.4948938884423985,0.19018509545058906,0.1874954207085765,0.18653144483816536,0.18460428168310397,0.38772529724638577
2023-10-28,-0.880467421493246,-1.4528738504843777,-0.6937828167781116,-0.903812987574873,-0.9014604715652724,-0.39246398320683984,-0.8022456497458806,-0.5938035203961116,-0.891777355527777,-0.3925062495436457,-0.7787194064531385,-0.6046869013315579,0.05130788833104182,0.06892240507604701,0.08823507386080924,0.07167895777043516,-0.19956909923285876
2023-10-29,-0.9701289204966604,-1.4528738504843777,-1.0915158788534556,-0.5291478787766447,-0.9256396994382291,-0.7759548814379267,-1.0808149720073943,-0.5612341216006285,-0.9129112897086303,-0.7817786915831304,-1.062662508626687,-0.5686167884661852,0.2131968048995491,0.21610125865895777,0.2682566128890738,0.20558339100919132,0.3091508329159868
2023-10-30,-0.5956603070118116,-1.0092321971526792,-1.1307289976496164,-0.15448276997841645,-0.5807278681185783,-0.6969092957808026,-0.7954564038022778,-0.37254426643591404,-0.5345328019441371,-0.699309679854962,-0.7591752931950269,-0.3589206549865463,0.24053632288854732,0.2419910134692071,0.25879716500953365,0.22931714619063726,0.42869083708349076
2023-10-31,-0.9121126564356276,-1.4528738504843777,-1.074710256512244,-0.5291478787766447,-0.801867463693863,-0.5658918825633615,-0.8861419366162978,-0.4597558503860047,-0.7785249851314934,-0.5642102987190103,-0.8578417175193358,-0.45617040651960866,0.20185786298951522,0.19980512371923667,0.21392256784547692,0.21227993652340008,0.1675154469176245
2023-11-01,-0.9754031263203907,-1.0092321971526792,-1.0354971377160833,-1.2784780963731013,-0.7508967093694162,-0.670882757109151,-0.8219304042098623,-0.595120554899075,-0.7272948680423422,-0.6744648936930343,-0.7949569316670645,-0.6061142760213286,0.1279029398022248,0.1291168607842515,0.14245870184701542,0.21227993652340008,0.14110049589780144
2023-11-04,-0.801354334137292,-1.4528738504843777,-1.097117752967193,-0.5291478787766447,-0.7808255036959972,-0.6775509410531768,-1.0618348087636575,-0.23662274617738238,-0.7524737326739822,-0.6791735330072892,-1.0414048251672658,-0.20661211555662945,0.2619877442790172,0.25685173663039185,0.2551884267134336,0.2515118119164826,0.5609892497463985
2023-11-05,-0.7802575108423708,-1.8965155038160764,-0.8842465366451778,-0.903812987574873,-0.766748797805707,-0.7963371734891506,-1.0352396291781194,-0.3855345997998919,-0.7308302471759346,-0.8030822651530173,-1.0095395504411235,-0.367886459257236,0.37492656205276975,0.36322582420438726,0.2551884267134336,0.38245923929442344,0.5359717205285482
2023-11-06,-0.37941786823887064,-1.0092321971526792,-0.24003101356539516,1.718842774012725,-0.2013825448453559,-0.35065740627346376,-0.5568589823822647,0.2435507443470431,-0.050422204723796236,-0.30811518624994455,-0.4562665609222251,0.3911530534244876,0.7024494624137673,0.6901601617289983,0.6797911628998926,0.6906810299335913,0.7106547014359131
2023-11-07,-0.6273055419541932,-0.5655905438209807,-0.6657734462094255,-0.15448276997841645,-0.5323755404189284,-0.5873147420107245,-0.7348376150236471,-0.27656245311415956,-0.43374901318414727,-0.5674573195464104,-0.6527106582154293,-0.22437187811326864,0.7506507676709672,0.7546941912972813,0.7847817902479812,0.7449896155295204,0.4042210645101246
2023-11-08,-0.7644348933711801,-1.0092321971526792,-0.9682746483512364,-0.5291478787766447,-0.8260831680326727,-0.6300364480787873,-0.9060929932737579,-0.5358580703259637,-0.7833538546240956,-0.6178985655980166,-0.852716745269128,-0.5353347692268762,0.6818142191037538,0.6796143391776286,0.6984082650402348,0.721449062354187,0.15895572741352212
2023-11-11,-0.901564244788167,-0.5655905438209807,-0.9290615295550757,0.22018233881981183,-0.8973348373714267,-0.640473006460612,-1.0066851428839851,-0.496010911759665,-0.8646470157052003,-0.6282787325189061,-0.964119763110229,-0.48776669391105504,0.7410232904484071,0.7436894585106277,0.7485360768139413,0.720088327319428,0.21754232988101926
2023-11-12,-0.8066285399610222,-0.5655905438209807,-0.8786446625314406,-1.2784780963731013,-0.8998181551667038,-0.5748170049236708,-0.9119101778115608,-0.595120554899075,-0.8695239181477187,-0.5572805895973204,-0.859503692064419,-0.6061142760213286,0.6811044658960135,0.6758299806475536,0.6736485976180733,0.720088327319428,0.023033828632252056
2023-11-13,-0.8857416273169763,-0.12194889048928223,-0.9962840189199226,-0.15448276997841645,-0.8153908945500938,-0.5047160225689755,-0.7911754208433014,-0.5832321573528276,-0.771058683134155,-0.4792689034328812,-0.7229220192068847,-0.5920381381093809,0.6775906330031716,0.6758570455312574,0.67854155763767,0.660820906906865,-0.049469179586525164
2023-11-14,-0.7644348933711801,-1.0092321971526792,-1.0915158788534556,-0.15448276997841645,-0.7911743147761037,-0.6425394117600682,-0.9049977087038704,-0.4903146104074659,-0.7458704730374688,-0.6336743652079496,-0.855241341758275,-0.4824684349593315,0.6166498086917334,0.6107953787432517,0.6225741446684735,0.6357648837224447,0.22662352772576588
2023-11-15,-0.7486122758999892,-0.12194889048928223,-0.8562371660764916,0.5948474476180401,-0.8328888011256752,-0.4980131530450784,-0.9724664790140902,-0.290836259484114,-0.7953890919820934,-0.4767085713512263,-0.9314841268121082,-0.2518227817183138,0.5883930703486312,0.5964454271034909,0.5755377739381373,0.54516292380159,0.27807586268189594
2023-11-18,-0.3055789867066469,-1.4528738504843777,-0.08317853838075245,1.718842774012725,-0.1438498202198051,-0.6062792015915925,-0.34560425547685164,-0.2976589050154884,0.04891627163806248,-0.588039556898266,-0.18612557553659978,-0.24533074295435015,0.9037950784834976,0.9015822547789528,0.8111358045572652,0.8303804737712521,0.4033019078380372
2023-11-19,-0.6905960118389564,-0.5655905438209807,-0.11118790894943865,-0.5291478787766447,-0.5120803266300068,-0.41859695434275407,-0.44546086207680247,-0.5645745075658665,-0.3805666328647012,-0.3623005771607158,-0.2844027585392171,-0.5677747626875187,1.0515113543487544,1.043709974307585,1.034135547939093,1.0787706701796465,-0.13388501887937035
2023-11-20,-0.7591606875474498,-1.0092321971526792,-0.8450334178490171,-1.2784780963731013,-0.8992453287469472,-0.5841916143875179,-0.9170981066180633,-0.595120554899075,-0.8596067852658632,-0.5587293921284324,-0.8507952967307254,-0.6061142760213286,0.964287422263658,0.9522087161465213,0.9392651609296453,1.0787706701796465,0.03455540496025994
2023-11-21,-0.8119027457847525,-0.12194889048928223,-0.8282277955078053,-1.2784780963731013,-0.9115422749153343,-0.46726937551092945,-0.8575489065836337,-0.595120554899075,-0.8758630955691911,-0.42290462046407906,-0.7815350923644279,-0.6061142760213286,0.9214715715415034,0.9399715743235081,0.9612930003609802,1.0787706701796465,-0.10914428779529989
2023-11-22,-0.7802575108423708,-1.0092321971526792,-0.934663403668813,-0.5291478787766447,-0.8820961371849211,-0.7499739566795305,-1.017058956510856,-0.5685800213804775,-0.8426030550639411,-0.7499951567713189,-0.9717019782707893,-0.5738989665062556,0.8561775838477877,0.8602895249108262,0.8965273951857862,0.8359127991256837,0.26878385444412295
2023-11-25,-0.7222412467813379,-1.0092321971526792,-0.6881809426643744,-0.15448276997841645,-0.6669865391327393,-0.45921139264740274,-0.7001789101388707,-0.4343930203071226,-0.5848863954584577,-0.41848860496064266,-0.6041341728138427,-0.4101195796303787,0.8582281224355166,0.8563870492053893,0.8699384382451046,0.8688631763528231,0.06552934971514418
2023-11-26,-0.7644348933711801,0.7653344161741148,-0.8674409143039661,-0.15448276997841645,-0.8650490797272837,-0.5867212859934744,-0.9843747422316728,-0.4210772421238797,-0.8212334773803762,-0.5631873849582877,-0.9328618769039236,-0.3937128973886683,0.881143085795078,0.8816016694824576,0.8928989187026201,0.8745743160166035,0.2375331115554589
2023-11-27,-0.8329995690796735,-0.12194889048928223,-0.8394315437352798,-0.5291478787766447,-0.9164843983208352,-0.31227234797917347,-0.8665847852866911,-0.42211663151540757,-0.882804978902355,-0.24948108657439538,-0.7954771875049618,-0.3950123384527348,0.888888791457757,0.8852179891691461,0.8878704086031552,0.8735220118308799,-0.10096355982879901
2023-11-28,-0.7011444234864169,-0.5655905438209807,-0.7834128025979075,-0.5291478787766447,-0.7166167103841541,-0.5087462018630633,-0.7718051482459602,-0.4491555024135048,-0.6430855182040778,-0.47370716246620137,-0.6854713988031712,-0.4277262160978299,0.8779537916535186,0.8797219865910917,0.8981870915649101,0.8847697120619559,0.10945557845153955
2023-11-29,-0.5956603070118116,0.32169276284241627,-0.6209584532995275,-0.903812987574873,-0.6507906964822492,-0.3928802101652955,-0.6403502680001002,-0.4393718175343483,-0.5592771335107317,-0.33705874194970853,-0.5256586843203117,-0.4149943003009502,0.9420875417663637,0.9492465471521968,0.9597768417264323,0.9140136911507112,-0.021710531297024167
2023-12-02,-0.37941786823887064,-0.12194889048928223,-0.51452284513852,0.22018233881981183,-0.4223572667949846,-0.637536135649865,-0.6452879545041784,-0.2945422623634952,-0.27086896583407954,-0.617516373554006,-0.522495743787504,-0.23098661376926174,1.0456544137921757,1.0420136932381692,1.0445342047753265,1.0369347777152258,0.4452963892610494
2023-12-03,-0.7222412467813379,0.32169276284241627,-0.6713753203231627,-0.903812987574873,-0.7104107503897761,-0.6106410320466416,-0.8030889400252288,-0.492910541348635,-0.6241569343684775,-0.5864386392263643,-0.7098097988499542,-0.4785561187294593,1.0568945943935522,1.0494937710798853,1.0326597826902832,1.0368218497337907,0.1844386745904916
2023-12-04,-0.09461075375743626,-1.0092321971526792,-0.11678978306317589,-0.15448276997841645,-0.009411865860001175,-0.04983032233950077,0.2666361672507052,-0.5340706663576562,0.25423716826815046,0.07971916286238133,0.5863150344252857,-0.5286524928696796,1.1429663758319868,1.1373267913913871,1.1328537104601555,1.159223942166096,-0.5520761942999126
2023-12-05,-0.09461075375743626,-1.0092321971526792,-0.11678978306317589,-0.15448276997841645,-0.009411865860001175,-0.04983032233950077,0.2666361672507052,-0.5340706663576562,0.25423716826815046,0.07971916286238133,0.5863150344252857,-0.5286524928696796,1.1429663758319868,1.1373267913913871,1.1328537104601555,1.159223942166096,-0.5520761942999126
2023-12-06,-0.09461075375743626,-1.0092321971526792,-0.11678978306317589,-0.15448276997841645,-0.009411865860001175,-0.04983032233950077,0.2666361672507052,-0.5340706663576562,0.25423716826815046,0.07971916286238133,0.5863150344252857,-0.5286524928696796,1.1429663758319868,1.1373267913913871,1.1328537104601555,1.159223942166096,-0.5520761942999126
2023-12-09,-0.09461075375743626,-1.0092321971526792,-0.11678978306317589,-0.15448276997841645,-0.009411865860001175,-0.04983032233950077,0.2666361672507052,-0.5340706663576562,0.25423716826815046,0.07971916286238133,0.5863150344252857,-0.5286524928696796,1.1429663758319868,1.1373267913913871,1.1328537104601555,1.159223942166096,-0.5520761942999126
2023-12-10,-0.09461075375743626,-1.0092321971526792,-0.11678978306317589,-0.15448276997841645,-0.009411865860001175,-0.04983032233950077,0.2666361672507052,-0.5340706663576562,0.25423716826815046,0.07971916286238133,0.5863150344252857,-0.5286524928696796,1.1429663758319868,1.1373267913913871,1.1328537104601555,1.159223942166096,-0.5520761942999126
2023-12-11,-0.20536907605577184,-0.5655905438209807,-0.5313284674797316,-0.15448276997841645,-0.1965346766276194,0.5591139941854858,-0.020423289416046847,0.29146028980310407,-0.10698560937831916,0.609222031208644,0.06832736545847234,0.38164631097954854,0.2868505006158637,0.26770240802193684,0.24776432977066992,0.2500148487606003,-0.3524533511616019
2023-12-12,-0.6114829244830023,0.7653344161741148,-0.49771722279730823,-0.15448276997841645,-0.5764910536568125,0.24355599199467282,-0.09695830622331726,-0.575078239107647,-0.5251983243732409,0.28715090030120777,-0.009450522349097205,-0.5835426661097354,0.2948594850288565,0.2879707426970767,0.28845116533991766,0.32097573375495486,-0.9597461208252842
2023-12-13,-0.743338070076259,-0.12194889048928223,-0.817024047280331,-0.903812987574873,-0.629050722833819,-0.15116875781034894,-0.38076490495657245,-0.5948663011340242,-0.5790831345856026,-0.12163377044347358,-0.30535931984619474,-0.6058282142900796,0.3480576549267614,0.3407638329657698,0.33769688398519504,0.31454342518712647,-0.4973460789114912
